ts,nav,spot,regime
2021-01-04,30000.0,309.3099975585937,BULL_MODERATE
2021-01-05,30000.0,311.8599853515625,BULL_MODERATE
2021-01-06,30000.0,307.5400085449219,BULL_MODERATE
2021-01-07,30000.0,314.9800109863281,BULL_MODERATE
2021-01-08,30000.0,319.0299987792969,BULL_MODERATE
2021-01-11,30000.0,314.4200134277344,BULL_MODERATE
2021-01-12,30000.0,313.9200134277344,BULL_MODERATE
2021-01-13,30000.0,316.0400085449219,BULL_MODERATE
2021-01-14,30000.0,314.3500061035156,BULL_MODERATE
2021-01-15,30000.0,311.8599853515625,BULL_MODERATE
2021-01-19,30000.0,316.4100036621094,BULL_MODERATE
2021-01-20,30000.0,323.7699890136719,BULL_MODERATE
2021-01-21,30000.0,326.3599853515625,BULL_MODERATE
2021-01-22,30000.0,325.4200134277344,BULL_MODERATE
2021-01-25,30000.0,328.1099853515625,BULL_MODERATE
2021-01-26,30000.0,328.5899963378906,BULL_MODERATE
2021-01-27,30000.0,319.42999267578125,BULL_MODERATE
2021-01-28,30000.0,321.32000732421875,BULL_MODERATE
2021-01-29,30000.0,314.5599975585937,BEAR
2021-02-01,30000.0,322.4200134277344,BEAR
2021-02-02,30000.0,327.67999267578125,BEAR
2021-02-03,30000.0,326.3800048828125,BEAR
2021-02-04,30000.0,330.239990234375,BEAR
2021-02-05,30000.0,331.3599853515625,BULL_MODERATE
2021-02-08,30000.0,333.5799865722656,BULL_MODERATE
2021-02-09,30000.0,333.510009765625,BULL_MODERATE
2021-02-10,30000.0,332.75,BULL_MODERATE
2021-02-11,30000.0,334.5799865722656,BULL_MODERATE
2021-02-12,30000.0,336.45001220703125,BULL_MODERATE
2021-02-16,30000.0,335.5400085449219,BULL_MODERATE
2021-02-17,30000.0,333.92999267578125,BULL_MODERATE
2021-02-18,30000.0,332.4700012207031,BULL_MODERATE
2021-02-19,30000.0,331.0199890136719,BULL_MODERATE
2021-02-22,30000.0,322.44000244140625,BULL_MODERATE
2021-02-23,30000.0,321.4800109863281,BULL_MODERATE
2021-02-24,30000.0,324.1300048828125,BULL_MODERATE
2021-02-25,29907.427443130713,312.8299865722656,BULL_MODERATE
2021-02-26,29903.1525340027,314.1400146484375,BULL_MODERATE
2021-03-01,30366.646982111353,323.5899963378906,BULL_MODERATE
2021-03-02,30153.501668981728,318.3999938964844,BULL_MODERATE
2021-03-03,29408.666902435303,309.1600036621094,BULL_MODERATE
2021-03-04,29199.122533297454,304.1000061035156,BULL_MODERATE
2021-03-05,29952.878562681057,308.67999267578125,BULL_MODERATE
2021-03-08,28402.304405563886,299.94000244140625,BULL_MODERATE
2021-03-09,30579.522195430367,311.7699890136719,BULL_MODERATE
2021-03-10,30026.51959282602,310.8800048828125,BULL_MODERATE
2021-03-11,31031.414158396485,318.0400085449219,BULL_MODERATE
2021-03-12,30285.561531992404,315.4599914550781,BULL_MODERATE
2021-03-15,30675.54579214006,318.8299865722656,BULL_MODERATE
2021-03-16,30910.444613737312,320.5799865722656,BULL_MODERATE
2021-03-17,31006.419041638,321.8999938964844,BULL_MODERATE
2021-03-18,29900.700961450224,312.0400085449219,BULL_MODERATE
2021-03-19,29917.949293997535,313.1400146484375,BULL_MODERATE
2021-03-22,30337.29187327888,318.6099853515625,BULL_MODERATE
2021-03-23,30426.611829503796,317.2200012207031,BULL_MODERATE
2021-03-24,29749.541912974262,311.8699951171875,BULL_MODERATE
2021-03-25,29308.815770101377,311.3299865722656,BULL_MODERATE
2021-03-26,29872.555767838086,316.0,BULL_MODERATE
2021-03-29,30272.682480973453,315.9100036621094,BULL_MODERATE
2021-03-30,29910.097758092656,314.32000732421875,BULL_MODERATE
2021-03-31,30669.466690092035,319.1300048828125,BULL_MODERATE
2021-04-01,31289.444388021966,324.57000732421875,BULL_MODERATE
2021-04-05,32131.058694402505,331.04998779296875,BULL_MODERATE
2021-04-06,31894.841736668444,330.82000732421875,BULL_MODERATE
2021-04-07,32108.331717518347,331.6199951171875,BULL_MODERATE
2021-04-08,32545.646587669282,335.0799865722656,BULL_MODERATE
2021-04-09,32783.65781419212,337.1099853515625,BULL_MODERATE
2021-04-12,32814.88717294733,336.6700134277344,BULL_MODERATE
2021-04-13,33269.50783405251,340.6000061035156,BULL_MODERATE
2021-04-14,32846.431647128935,336.510009765625,BULL_STRONG
2021-04-15,33414.39011771054,341.6099853515625,BULL_STRONG
2021-04-16,33451.40537624188,342.010009765625,BULL_STRONG
2021-04-19,33242.94942272987,338.8800048828125,BULL_STRONG
2021-04-20,32835.03042618149,336.4100036621094,BULL_STRONG
2021-04-21,33348.0199946612,339.2900085449219,BULL_STRONG
2021-04-22,32614.678713325175,335.20001220703125,BULL_STRONG
2021-04-23,33335.88502137302,339.4200134277344,BULL_STRONG
2021-04-26,33781.04551719275,341.6300048828125,BULL_STRONG
2021-04-27,33494.40491964522,340.1499938964844,BULL_STRONG
2021-04-28,33230.67511664471,339.0,BULL_STRONG
2021-04-29,33508.46539062823,340.2200012207031,BULL_STRONG
2021-04-30,33070.09694661499,337.989990234375,BULL_STRONG
2021-05-03,32683.470232704458,336.19000244140625,BULL_STRONG
2021-05-04,31803.067335728287,330.1400146484375,BULL_STRONG
2021-05-05,31537.919729414876,329.0299987792969,BULL_STRONG
2021-05-06,31840.361418622975,331.510009765625,BULL_STRONG
2021-05-07,32223.468610369506,334.20001220703125,BULL_STRONG
2021-05-10,31036.47480097466,325.760009765625,BULL_STRONG
2021-05-11,31360.732314715362,325.3099975585937,BULL_STRONG
2021-05-12,30282.696801542832,316.8900146484375,BULL_STRONG
2021-05-13,30248.89581297955,319.3399963378906,BULL_MODERATE
2021-05-14,30646.081081939476,326.3900146484375,BULL_MODERATE
2021-05-17,30530.536038697068,324.4100036621094,BULL_MODERATE
2021-05-18,30474.5619593295,322.2200012207031,BULL_MODERATE
2021-05-19,30945.51896369779,322.5899963378906,BULL_MODERATE
2021-05-20,31788.61094885624,328.8299865722656,BULL_MODERATE
2021-05-21,31396.73143711703,327.010009765625,BULL_MODERATE
2021-05-24,32196.567838480354,332.510009765625,BULL_MODERATE
2021-05-25,32372.96719366832,332.9700012207031,BULL_MODERATE
2021-05-26,32677.050043264917,334.1300048828125,BULL_MODERATE
2021-05-27,32399.038765187084,332.8800048828125,BULL_MODERATE
2021-05-28,32623.57759281004,333.92999267578125,BULL_MODERATE
2021-06-01,32799.97087719091,332.82000732421875,BULL_MODERATE
2021-06-02,32890.8429235215,333.4700012207031,BULL_STRONG
2021-06-03,31973.96759028153,330.0,BULL_STRONG
2021-06-04,33064.20964157878,335.6000061035156,BULL_STRONG
2021-06-07,33318.89127318255,336.6000061035156,BULL_STRONG
2021-06-08,33445.17366400519,336.760009765625,BULL_STRONG
2021-06-09,33481.78741885669,336.8399963378906,BULL_STRONG
2021-06-10,33977.112686052125,340.3500061035156,BULL_STRONG
2021-06-11,34135.295346497674,341.239990234375,BULL_STRONG
2021-06-14,34821.09714397306,344.510009765625,BULL_STRONG
2021-06-15,34451.28265871351,342.260009765625,BULL_STRONG
2021-06-16,34110.308827883884,341.010009765625,BULL_STRONG
2021-06-17,35188.88455862365,345.3399963378906,BULL_STRONG
2021-06-18,34774.01699144002,342.6300048828125,BULL_STRONG
2021-06-21,35138.70251663889,344.3599853515625,BULL_STRONG
2021-06-22,35679.85607294153,347.57000732421875,BULL_STRONG
2021-06-23,35722.97030609285,347.739990234375,BULL_STRONG
2021-06-24,36137.9776645439,349.8900146484375,BULL_STRONG
2021-06-25,36061.02811313591,349.4599914550781,BULL_STRONG
2021-06-28,37289.63186266311,353.7099914550781,BULL_STRONG
2021-06-29,37690.775848569974,354.989990234375,BULL_STRONG
2021-06-30,37500.5489218495,354.42999267578125,BULL_STRONG
2021-07-01,37492.00944700111,354.57000732421875,BULL_STRONG
2021-07-02,38619.645552881324,358.6400146484375,BULL_STRONG
2021-07-06,39224.06339220327,360.19000244140625,BULL_STRONG
2021-07-07,39412.07159687299,360.9500122070313,BULL_STRONG
2021-07-08,39017.69408830381,358.7699890136719,BULL_STRONG
2021-07-09,39421.456593514435,361.010009765625,BULL_STRONG
2021-07-12,39820.59487777729,362.4200134277344,BULL_STRONG
2021-07-13,39939.54522054826,362.4200134277344,BULL_STRONG
2021-07-14,40023.87452060606,363.0700073242188,BULL_STRONG
2021-07-15,39366.4782798761,360.5199890136719,BULL_STRONG
2021-07-16,38569.200567263346,357.6000061035156,BULL_STRONG
2021-07-19,38451.58983946767,354.6700134277344,BULL_STRONG
2021-07-20,39088.13276829356,358.7900085449219,BULL_STRONG
2021-07-21,39777.41115311066,361.55999755859375,BULL_STRONG
2021-07-22,40426.38942498453,363.9500122070313,BULL_STRONG
2021-07-23,41588.23573062441,368.2000122070313,BULL_STRONG
2021-07-26,41705.85355209583,368.489990234375,BULL_STRONG
2021-07-27,40614.94906572036,364.4299926757813,BULL_STRONG
2021-07-28,40885.04048787913,365.8299865722656,BULL_STRONG
2021-07-29,41130.72046683127,366.4800109863281,BULL_STRONG
2021-07-30,40503.175200480866,364.5700073242188,BULL_STRONG
2021-08-02,40649.97642967625,364.6000061035156,BULL_STRONG
2021-08-03,41122.89889384526,366.80999755859375,BULL_STRONG
2021-08-04,41396.70843502821,367.3399963378906,BULL_STRONG
2021-08-05,41985.35006652163,369.6700134277344,BULL_STRONG
2021-08-06,41397.83644279617,368.0499877929688,BULL_STRONG
2021-08-09,41635.30328098327,368.7300109863281,BULL_STRONG
2021-08-10,41264.997521121266,366.8399963378906,BULL_STRONG
2021-08-11,41165.014594427346,366.2099914550781,BULL_STRONG
2021-08-12,41488.83162000726,367.5299987792969,BULL_STRONG
2021-08-13,41789.46522000914,368.8200073242188,BULL_STRONG
2021-08-16,42273.62885873855,368.9800109863281,BULL_STRONG
2021-08-17,41586.635478987926,365.7300109863281,BULL_STRONG
2021-08-18,40798.79244391658,362.2099914550781,BULL_STRONG
2021-08-19,41195.76607155337,363.9599914550781,BULL_STRONG
2021-08-20,41963.65251289617,367.7300109863281,BULL_STRONG
2021-08-23,43307.63068936377,373.2300109863281,BULL_STRONG
2021-08-24,43561.99891897497,374.3699951171875,BULL_STRONG
2021-08-25,43696.01672534741,374.7999877929688,BULL_STRONG
2021-08-26,43134.91781774275,372.4200134277344,BULL_STRONG
2021-08-27,44082.05054772087,376.0400085449219,BULL_STRONG
2021-08-30,45043.876254346695,380.260009765625,BULL_STRONG
2021-08-31,45000.673301531584,379.9500122070313,BULL_STRONG
2021-09-01,45184.70636730509,380.5799865722656,BULL_STRONG
2021-09-02,45166.65032965971,380.3999938964844,BULL_STRONG
2021-09-03,45428.9720905743,381.5700073242188,BULL_STRONG
2021-09-07,45517.990122017385,382.1099853515625,BULL_STRONG
2021-09-08,45195.804365031116,380.7799987792969,BULL_STRONG
2021-09-09,44782.84209535194,379.4700012207031,BULL_STRONG
2021-09-10,44132.43315464389,376.5899963378906,BULL_STRONG
2021-09-13,43889.48325412413,376.3299865722656,BULL_STRONG
2021-09-14,43693.79777595954,375.260009765625,BULL_STRONG
2021-09-15,44613.69569836091,378.0499877929688,BULL_STRONG
2021-09-16,44669.32747734849,378.30999755859375,BULL_STRONG
2021-09-17,43684.177643497525,373.8299865722656,BULL_STRONG
2021-09-20,41799.52601561434,365.7000122070313,BULL_STRONG
2021-09-21,42103.78815536646,366.1499938964844,BULL_STRONG
2021-09-22,42584.4804106941,369.5700073242188,BULL_MODERATE
2021-09-23,43417.24733949695,372.9800109863281,BULL_MODERATE
2021-09-24,43787.230515820986,373.3299865722656,BULL_MODERATE
2021-09-27,43078.18666736018,370.3500061035156,BULL_MODERATE
2021-09-28,40683.01699865899,359.8699951171875,BULL_MODERATE
2021-09-29,40537.98742939855,359.2799987792969,BULL_MODERATE
2021-09-30,40312.5356510014,357.9599914550781,BULL_MODERATE
2021-10-01,40958.31405546505,360.17999267578125,BULL_MODERATE
2021-10-04,39444.295577730925,352.6199951171875,BULL_MODERATE
2021-10-05,40414.467945944525,357.3800048828125,BULL_MODERATE
2021-10-06,40914.43335147163,359.6700134277344,BULL_MODERATE
2021-10-07,41623.11603395508,362.9700012207031,BULL_MODERATE
2021-10-08,41320.04103034902,361.1600036621094,BULL_MODERATE
2021-10-11,40808.98381914702,358.3900146484375,BULL_MODERATE
2021-10-12,40559.0614444922,357.1400146484375,BULL_MODERATE
2021-10-13,41236.44386948106,360.0,BULL_MODERATE
2021-10-14,42798.673457403354,366.6300048828125,BULL_MODERATE
2021-10-15,43309.287226631015,368.9400024414063,BULL_MODERATE
2021-10-18,44061.235761219876,372.6499938964844,BULL_MODERATE
2021-10-19,44874.74227611014,375.4700012207031,BULL_STRONG
2021-10-20,44720.666841753715,374.9800109863281,BULL_STRONG
2021-10-21,45386.93967295734,377.2699890136719,BULL_STRONG
2021-10-22,44454.920071942404,374.1000061035156,BULL_STRONG
2021-10-25,45586.42498145633,377.9299926757813,BULL_STRONG
2021-10-26,45961.82167263051,379.1199951171875,BULL_STRONG
2021-10-27,46259.670576758625,380.0,BULL_STRONG
2021-10-28,47493.61735457387,384.2200012207031,BULL_STRONG
2021-10-29,48046.7980345695,386.1099853515625,BULL_STRONG
2021-11-01,48437.286268936245,387.4299926757813,BULL_STRONG
2021-11-02,48912.27217441191,389.0499877929688,BULL_STRONG
2021-11-03,50128.557726236955,393.1799926757813,BULL_STRONG
2021-11-04,51634.99330693716,398.2200012207031,BULL_STRONG
2021-11-05,51767.500255665145,398.6000061035156,BULL_STRONG
2021-11-08,51617.92521389988,398.05999755859375,BULL_STRONG
2021-11-09,50818.80305565927,395.3200073242188,BULL_STRONG
2021-11-10,49085.1653263774,389.510009765625,BULL_STRONG
2021-11-11,49405.40808865397,390.5899963378906,BULL_STRONG
2021-11-12,50595.95350932172,394.7000122070313,BULL_STRONG
2021-11-15,50568.3945837675,394.6099853515625,BULL_STRONG
2021-11-16,51405.92356327873,397.4200134277344,BULL_STRONG
2021-11-17,51484.43948880756,397.6300048828125,BULL_STRONG
2021-11-18,52723.51241003856,401.75,BULL_STRONG
2021-11-19,53398.16795453758,403.989990234375,BULL_STRONG
2021-11-22,51996.33419705122,399.2999877929688,BULL_STRONG
2021-11-23,51460.61619192605,397.4800109863281,BULL_STRONG
2021-11-24,51825.257704306394,398.760009765625,BULL_STRONG
2021-11-26,49963.4403060041,391.2000122070313,BULL_STRONG
2021-11-29,52239.66824826765,399.6900024414063,BULL_STRONG
2021-11-30,50581.33914224081,393.8200073242188,BULL_MODERATE
2021-12-01,49006.22034868512,387.1199951171875,BULL_MODERATE
2021-12-02,49854.60288895588,389.9100036621094,BULL_MODERATE
2021-12-03,48320.27803244483,383.1300048828125,BEAR
2021-12-06,49248.264178728365,386.2000122070313,BEAR
2021-12-07,52126.66744128448,397.8299865722656,BEAR
2021-12-08,52360.243947939525,399.6099853515625,BEAR
2021-12-09,51835.140925489606,393.7300109863281,BEAR
2021-12-10,52293.525492492234,398.010009765625,BULL_MODERATE
2021-12-13,51766.72753829905,392.260009765625,BULL_MODERATE
2021-12-14,51479.381900205364,388.2000122070313,BULL_MODERATE
2021-12-15,52453.7355656045,397.0499877929688,BULL_MODERATE
2021-12-16,51495.3849801512,386.8399963378906,BULL_MODERATE
2021-12-17,51337.54904682352,384.9100036621094,BULL_MODERATE
2021-12-20,51052.04148668471,380.6900024414063,BULL_MODERATE
2021-12-21,51909.37025848115,389.2099914550781,BULL_MODERATE
2021-12-22,52386.66764712728,393.9500122070313,BULL_MODERATE
2021-12-23,52650.981750841755,396.9200134277344,BULL_MODERATE
2021-12-27,53170.19746859836,403.4800109863281,BULL_MODERATE
2021-12-28,53064.81877825365,401.6099853515625,BULL_MODERATE
2021-12-29,53095.317869097256,401.5499877929688,BULL_MODERATE
2021-12-30,53006.969187370305,400.3500061035156,BULL_MODERATE
2021-12-31,52795.24713012537,397.8500061035156,BULL_MODERATE
2022-01-03,53140.701295682615,401.6799926757813,BULL_MODERATE
2022-01-04,52763.05682959691,396.4700012207031,BULL_MODERATE
2022-01-05,51687.39387672447,384.2900085449219,BULL_MODERATE
2022-01-06,51682.35907255446,384.0199890136719,BULL_MODERATE
2022-01-07,51386.71814002768,379.8599853515625,BULL_MODERATE
2022-01-10,51590.041477356695,380.1099853515625,BULL_MODERATE
2022-01-11,52212.61113569062,385.8200073242188,BULL_MODERATE
2022-01-12,52372.54032461638,387.3500061035156,BULL_MODERATE
2022-01-13,51523.98177099403,377.6600036621094,BULL_MODERATE
2022-01-14,51794.39400879908,380.010009765625,BULL_MODERATE
2022-01-18,50973.42747103549,370.5499877929688,BULL_MODERATE
2022-01-19,50660.897032467925,366.4800109863281,BULL_MODERATE
2022-01-20,50223.232115164916,361.7200012207031,BULL_MODERATE
2022-01-21,49452.98683183924,351.69000244140625,BULL_MODERATE
2022-01-24,49805.1576144798,353.29998779296875,BEAR_SMA_FORCED
2022-01-25,49176.6852533309,345.1099853515625,BEAR_SMA_FORCED
2022-01-26,49159.20321350963,344.57000732421875,BEAR_SMA_FORCED
2022-01-27,48855.30651905,341.1000061035156,BEAR_SMA_FORCED
2022-01-28,49772.918922160316,351.79998779296875,BEAR_SMA_FORCED
2022-01-31,50769.16769015208,363.0499877929688,BEAR_SMA_FORCED
2022-02-01,51056.872650204736,365.5199890136719,BEAR_SMA_FORCED
2022-02-02,51347.06779490179,368.489990234375,BEAR_SMA_FORCED
2022-02-03,49947.28798972478,353.54998779296875,BEAR_SMA_FORCED
2022-02-04,50348.95556310352,358.010009765625,BEAR_SMA_FORCED
2022-02-07,50053.996524478076,355.1300048828125,BEAR_SMA_FORCED
2022-02-08,50421.883394742676,359.1199951171875,BEAR_SMA_FORCED
2022-02-09,51150.24103314669,366.7300109863281,BEAR_SMA_FORCED
2022-02-10,50414.025391077004,358.42999267578125,BEAR_SMA_FORCED
2022-02-11,49336.11013667177,347.0599975585937,BEAR_SMA_FORCED
2022-02-14,49401.272905026926,347.489990234375,BEAR_SMA_FORCED
2022-02-15,50168.886013110256,356.1300048828125,BEAR_SMA_FORCED
2022-02-16,50181.48191306683,356.0400085449219,BEAR_SMA_FORCED
2022-02-17,49191.36300412591,345.45001220703125,BEAR_SMA_FORCED
2022-02-18,48800.84169989693,341.510009765625,BEAR_SMA_FORCED
2022-02-22,48502.342553336704,338.0799865722656,BEAR_SMA_FORCED
2022-02-23,47784.92309239427,329.4200134277344,BEAR_SMA_FORCED
2022-02-24,48770.43772471068,340.489990234375,BEAR_SMA_FORCED
2022-02-25,49182.63348430744,345.7699890136719,BEAR_SMA_FORCED
2022-02-28,49346.3753837938,346.79998779296875,BEAR_SMA_FORCED
2022-03-01,48960.02821346905,341.489990234375,BEAR_SMA_FORCED
2022-03-02,49457.75767797561,347.2200012207031,BEAR_SMA_FORCED
2022-03-03,48979.634728134195,342.260009765625,BEAR_SMA_FORCED
2022-03-04,48562.09227833357,337.29998779296875,BEAR_SMA_FORCED
2022-03-07,47148.266196487086,324.8599853515625,BEAR_SMA_FORCED
2022-03-08,47026.78296875332,323.3500061035156,BEAR_SMA_FORCED
2022-03-09,48354.33976151266,334.989990234375,BEAR_SMA_FORCED
2022-03-10,48111.46543778511,331.2699890136719,BEAR_SMA_FORCED
2022-03-11,47495.92431515573,324.3999938964844,BEAR_SMA_FORCED
2022-03-14,46964.7406056937,318.1700134277344,BEAR_SMA_FORCED
2022-03-15,47797.409338109064,328.1499938964844,BEAR_SMA_FORCED
2022-03-16,48852.822043214175,340.32000732421875,BEAR_SMA_FORCED
2022-03-17,49222.49996562987,344.44000244140625,BEAR_SMA_FORCED
2022-03-18,49922.81934979372,351.489990234375,BEAR_SMA_FORCED
2022-03-21,49781.36763445436,350.0799865722656,BEAR_SMA_FORCED
2022-03-22,50451.67950232983,356.9599914550781,BEAR_SMA_FORCED
2022-03-23,49952.220616190985,351.8299865722656,BEAR_SMA_FORCED
2022-03-24,50697.81054751081,359.6499938964844,BEAR_SMA_FORCED
2022-03-25,50663.97719739286,359.3500061035156,BEAR_SMA_FORCED
2022-03-28,51207.126967389995,364.9100036621094,BEAR_SMA_FORCED
2022-03-29,51834.952637918825,371.1900024414063,BEAR_SMA_FORCED
2022-03-30,51423.796590885,367.0899963378906,BEAR_SMA_FORCED
2022-03-31,50972.11902734243,362.5400085449219,BEAR_SMA_FORCED
2022-04-01,50899.32540974635,361.8500061035156,BEAR_SMA_FORCED
2022-04-04,51641.24069030257,369.2999877929688,BEAR_SMA_FORCED
2022-04-05,50843.33696450324,361.1000061035156,BEAR_SMA_FORCED
2022-04-06,50069.017719109914,353.260009765625,BEAR_SMA_FORCED
2022-04-07,50178.193555455066,354.1000061035156,BEAR_SMA_FORCED
2022-04-08,49722.06040511143,349.1499938964844,BEAR_SMA_FORCED
2022-04-11,48985.93660539824,340.8900146484375,BEAR_SMA_FORCED
2022-04-12,48875.186619332184,339.45001220703125,BEAR_SMA_FORCED
2022-04-13,49540.59954005149,346.3500061035156,BEAR_SMA_FORCED
2022-04-14,48810.77351575781,338.42999267578125,BEAR_SMA_FORCED
2022-04-18,48858.261380546,338.69000244140625,BEAR_SMA_FORCED
2022-04-19,49500.141527377345,346.260009765625,BEAR_SMA_FORCED
2022-04-20,49114.453580559435,341.2099914550781,BEAR_SMA_FORCED
2022-04-21,48482.80024163002,334.1499938964844,BEAR_SMA_FORCED
2022-04-22,48077.80497717287,325.3999938964844,BEAR_SMA_FORCED
2022-04-25,48077.80497717287,329.5799865722656,BEAR_SMA_FORCED
2022-04-26,48077.80497717287,317.1400146484375,BEAR_SMA_FORCED
2022-04-27,48077.80497717287,316.760009765625,BEAR_SMA_FORCED
2022-04-28,48077.80497717287,328.010009765625,BEAR_SMA_FORCED
2022-04-29,48077.80497717287,313.25,BEAR_SMA_FORCED
2022-05-02,48077.80497717287,318.4800109863281,BEAR_SMA_FORCED
2022-05-03,48077.80497717287,318.82000732421875,BEAR_SMA_FORCED
2022-05-04,48077.80497717287,329.6000061035156,BEAR_SMA_FORCED
2022-05-05,48077.80497717287,313.0,BEAR_SMA_FORCED
2022-05-06,48077.80497717287,309.25,BEAR_SMA_FORCED
2022-05-09,48077.80497717287,297.1499938964844,BEAR_SMA_FORCED
2022-05-10,48077.80497717287,300.760009765625,BEAR_SMA_FORCED
2022-05-11,48077.80497717287,291.8399963378906,BEAR_SMA_FORCED
2022-05-12,48077.80497717287,291.1499938964844,BEAR_SMA_FORCED
2022-05-13,48077.80497717287,301.94000244140625,BEAR_SMA_FORCED
2022-05-16,48077.80497717287,298.44000244140625,BEAR_SMA_FORCED
2022-05-17,48077.80497717287,306.1700134277344,BEAR_SMA_FORCED
2022-05-18,48077.80497717287,291.1400146484375,BEAR_SMA_FORCED
2022-05-19,48077.80497717287,289.5799865722656,BEAR_SMA_FORCED
2022-05-20,48077.80497717287,288.67999267578125,BEAR_SMA_FORCED
2022-05-23,48077.80497717287,293.4800109863281,BEAR_SMA_FORCED
2022-05-24,48077.80497717287,287.239990234375,BEAR_SMA_FORCED
2022-05-25,48077.80497717287,291.260009765625,BEAR_SMA_FORCED
2022-05-26,48077.80497717287,299.3299865722656,BEAR_SMA_FORCED
2022-05-27,48077.80497717287,309.1000061035156,BEAR_SMA_FORCED
2022-05-31,48077.80497717287,308.2799987792969,BEAR_SMA_FORCED
2022-06-01,48077.80497717287,306.0,BEAR_SMA_FORCED
2022-06-02,48077.80497717287,314.3800048828125,BEAR_SMA_FORCED
2022-06-03,48077.80497717287,306.20001220703125,BEAR_SMA_FORCED
2022-06-06,48077.80497717287,307.2200012207031,BEAR_SMA_FORCED
2022-06-07,48077.80497717287,309.8699951171875,BEAR_SMA_FORCED
2022-06-08,48077.80497717287,307.6400146484375,BEAR_SMA_FORCED
2022-06-09,48077.80497717287,299.3999938964844,BEAR_SMA_FORCED
2022-06-10,48077.80497717287,288.8399963378906,BEAR_SMA_FORCED
2022-06-13,48077.80497717287,275.4100036621094,BEAR_SMA_FORCED
2022-06-14,48077.80497717287,275.9100036621094,BEAR_SMA_FORCED
2022-06-15,48077.80497717287,282.79998779296875,BEAR_SMA_FORCED
2022-06-16,48077.80497717287,271.3900146484375,BEAR_SMA_FORCED
2022-06-17,48077.80497717287,274.69000244140625,BEAR_SMA_FORCED
2022-06-21,48077.80497717287,281.0799865722656,BEAR_SMA_FORCED
2022-06-22,48077.80497717287,280.6700134277344,BEAR_SMA_FORCED
2022-06-23,48077.80497717287,284.8500061035156,BEAR_SMA_FORCED
2022-06-24,48077.80497717287,294.6099853515625,BEAR_SMA_FORCED
2022-06-27,48077.80497717287,292.45001220703125,BEAR_SMA_FORCED
2022-06-28,48077.80497717287,283.5400085449219,BEAR_SMA_FORCED
2022-06-29,48077.80497717287,283.79998779296875,BEAR_SMA_FORCED
2022-06-30,48077.80497717287,280.2799987792969,BEAR_SMA_FORCED
2022-07-01,48077.80497717287,282.1300048828125,BEAR_SMA_FORCED
2022-07-05,48077.80497717287,286.9599914550781,BEAR_SMA_FORCED
2022-07-06,48077.80497717287,288.79998779296875,BEAR_SMA_FORCED
2022-07-07,48077.80497717287,294.9800109863281,BEAR_SMA_FORCED
2022-07-08,48077.80497717287,295.3500061035156,BEAR_SMA_FORCED
2022-07-11,48077.80497717287,289.0400085449219,BEAR_SMA_FORCED
2022-07-12,48077.80497717287,286.239990234375,BEAR_SMA_FORCED
2022-07-13,48077.80497717287,285.6499938964844,BEAR_SMA_FORCED
2022-07-14,48077.80497717287,286.6700134277344,BEAR_SMA_FORCED
2022-07-15,48077.80497717287,291.8699951171875,BEAR_SMA_FORCED
2022-07-18,48077.80497717287,289.3999938964844,BEAR_SMA_FORCED
2022-07-19,48077.80497717287,298.29998779296875,BEAR_SMA_FORCED
2022-07-20,48077.80497717287,303.0299987792969,BEAR_SMA_FORCED
2022-07-21,48077.80497717287,307.3800048828125,BEAR_SMA_FORCED
2022-07-22,48077.80497717287,301.989990234375,BEAR_SMA_FORCED
2022-07-25,48077.80497717287,300.2699890136719,BEAR_SMA_FORCED
2022-07-26,48077.80497717287,294.3699951171875,BEAR_SMA_FORCED
2022-07-27,48077.80497717287,306.8099975585937,BEAR_SMA_FORCED
2022-07-28,48077.80497717287,309.8099975585937,BEAR_SMA_FORCED
2022-07-29,48077.80497717287,315.4599914550781,BEAR_SMA_FORCED
2022-08-01,48077.80497717287,315.2699890136719,BEAR_SMA_FORCED
2022-08-02,48077.80497717287,314.3299865722656,BEAR_SMA_FORCED
2022-08-03,48077.80497717287,322.8900146484375,BEAR_SMA_FORCED
2022-08-04,48077.80497717287,324.3999938964844,BEAR_SMA_FORCED
2022-08-05,48077.80497717287,321.75,BEAR_SMA_FORCED
2022-08-08,48077.80497717287,320.7099914550781,BEAR_SMA_FORCED
2022-08-09,48077.80497717287,317.0799865722656,BEAR_SMA_FORCED
2022-08-10,48077.80497717287,325.92999267578125,BEAR_SMA_FORCED
2022-08-11,48077.80497717287,324.0799865722656,BEAR_SMA_FORCED
2022-08-12,48077.80497717287,330.3900146484375,BEAR_SMA_FORCED
2022-08-15,48077.80497717287,333.0599975585937,BEAR_SMA_FORCED
2022-08-16,48077.80497717287,332.2799987792969,BEAR_SMA_FORCED
2022-08-17,48077.80497717287,328.489990234375,BEAR_SMA_FORCED
2022-08-18,48077.80497717287,329.2799987792969,BEAR_SMA_FORCED
2022-08-19,48077.80497717287,322.8599853515625,BEAR_SMA_FORCED
2022-08-22,48077.80497717287,314.3599853515625,BEAR_SMA_FORCED
2022-08-23,48077.80497717287,314.1000061035156,BEAR_SMA_FORCED
2022-08-24,48077.80497717287,315.010009765625,BEAR_SMA_FORCED
2022-08-25,48077.80497717287,320.5799865722656,BEAR_SMA_FORCED
2022-08-26,48077.80497717287,307.44000244140625,BEAR_SMA_FORCED
2022-08-29,48077.80497717287,304.4100036621094,BEAR_SMA_FORCED
2022-08-30,48077.80497717287,301.0199890136719,BEAR_SMA_FORCED
2022-08-31,48077.80497717287,299.2699890136719,BEAR_SMA_FORCED
2022-09-01,48077.80497717287,299.3999938964844,BEAR_SMA_FORCED
2022-09-02,48077.80497717287,295.1700134277344,BEAR_SMA_FORCED
2022-09-06,48077.80497717287,293.04998779296875,BEAR_SMA_FORCED
2022-09-07,48077.80497717287,298.9700012207031,BEAR_SMA_FORCED
2022-09-08,48077.80497717287,300.5199890136719,BEAR_SMA_FORCED
2022-09-09,48077.80497717287,307.0899963378906,BEAR_SMA_FORCED
2022-09-12,48077.80497717287,310.739990234375,BEAR_SMA_FORCED
2022-09-13,48077.80497717287,293.70001220703125,BEAR_SMA_FORCED
2022-09-14,48077.80497717287,296.0299987792969,BEAR_SMA_FORCED
2022-09-15,48077.80497717287,291.1000061035156,BEAR_SMA_FORCED
2022-09-16,48077.80497717287,289.32000732421875,BEAR_SMA_FORCED
2022-09-19,48077.80497717287,291.04998779296875,BEAR_SMA_FORCED
2022-09-20,48077.80497717287,288.7300109863281,BEAR_SMA_FORCED
2022-09-21,48077.80497717287,283.5599975585937,BEAR_SMA_FORCED
2022-09-22,48077.80497717287,280.07000732421875,BEAR_SMA_FORCED
2022-09-23,48077.80497717287,275.510009765625,BEAR_SMA_FORCED
2022-09-26,48077.80497717287,274.3699951171875,BEAR_SMA_FORCED
2022-09-27,48077.80497717287,274.4800109863281,BEAR_SMA_FORCED
2022-09-28,48077.80497717287,279.94000244140625,BEAR_SMA_FORCED
2022-09-29,48077.80497717287,271.8699951171875,BEAR_SMA_FORCED
2022-09-30,48077.80497717287,267.260009765625,BEAR_SMA_FORCED
2022-10-03,48077.80497717287,273.5299987792969,BEAR_SMA_FORCED
2022-10-04,48077.80497717287,282.1300048828125,BEAR_SMA_FORCED
2022-10-05,48077.80497717287,281.9800109863281,BEAR_SMA_FORCED
2022-10-06,48077.80497717287,279.760009765625,BEAR_SMA_FORCED
2022-10-07,48077.80497717287,269.1000061035156,BEAR_SMA_FORCED
2022-10-10,48077.80497717287,266.4100036621094,BEAR_SMA_FORCED
2022-10-11,48077.80497717287,262.75,BEAR_SMA_FORCED
2022-10-12,48077.80497717287,262.6600036621094,BEAR_SMA_FORCED
2022-10-13,48077.80497717287,268.82000732421875,BEAR_SMA_FORCED
2022-10-14,48077.80497717287,260.739990234375,BEAR_SMA_FORCED
2022-10-17,48077.80497717287,269.3500061035156,BEAR_SMA_FORCED
2022-10-18,48077.80497717287,271.4800109863281,BEAR_SMA_FORCED
2022-10-19,48077.80497717287,270.489990234375,BEAR_SMA_FORCED
2022-10-20,48077.80497717287,269.1099853515625,BEAR_SMA_FORCED
2022-10-21,48077.80497717287,275.4200134277344,BEAR_SMA_FORCED
2022-10-24,48077.80497717287,278.45001220703125,BEAR_SMA_FORCED
2022-10-25,48077.80497717287,284.2099914550781,BEAR_SMA_FORCED
2022-10-26,48077.80497717287,277.92999267578125,BEAR_SMA_FORCED
2022-10-27,48077.80497717287,272.8699951171875,BEAR_SMA_FORCED
2022-10-28,48077.80497717287,281.2200012207031,BEAR_SMA_FORCED
2022-10-31,48077.80497717287,277.95001220703125,BEAR_SMA_FORCED
2022-11-01,48077.80497717287,275.1099853515625,BEAR_SMA_FORCED
2022-11-02,48077.80497717287,265.67999267578125,BEAR_SMA_FORCED
2022-11-03,48077.80497717287,260.489990234375,BEAR_SMA_FORCED
2022-11-04,48077.80497717287,264.67999267578125,BEAR_SMA_FORCED
2022-11-07,48077.80497717287,267.5899963378906,BEAR_SMA_FORCED
2022-11-08,48077.80497717287,269.5400085449219,BEAR_SMA_FORCED
2022-11-09,48077.80497717287,263.32000732421875,BEAR_SMA_FORCED
2022-11-10,48077.80497717287,282.75,BEAR_SMA_FORCED
2022-11-11,48077.80497717287,287.9599914550781,BEAR_SMA_FORCED
2022-11-14,48077.80497717287,285.44000244140625,BEAR_SMA_FORCED
2022-11-15,48077.80497717287,289.3900146484375,BEAR_SMA_FORCED
2022-11-16,48077.80497717287,285.44000244140625,BEAR_SMA_FORCED
2022-11-17,48077.80497717287,284.8099975585937,BEAR_SMA_FORCED
2022-11-18,48077.80497717287,284.82000732421875,BEAR_SMA_FORCED
2022-11-21,48077.80497717287,281.8900146484375,BEAR_SMA_FORCED
2022-11-22,48077.80497717287,285.95001220703125,BEAR_SMA_FORCED
2022-11-23,48077.80497717287,288.82000732421875,BEAR_SMA_FORCED
2022-11-25,48077.80497717287,286.9200134277344,BEAR_SMA_FORCED
2022-11-28,48077.80497717287,282.7099914550781,BEAR_SMA_FORCED
2022-11-29,48077.80497717287,280.57000732421875,BEAR_SMA_FORCED
2022-11-30,48077.80497717287,293.3599853515625,BEAR_SMA_FORCED
2022-12-01,48077.80497717287,293.7200012207031,BEAR_SMA_FORCED
2022-12-02,48077.80497717287,292.54998779296875,BEAR_SMA_FORCED
2022-12-05,48077.80497717287,287.6400146484375,BEAR_SMA_FORCED
2022-12-06,48077.80497717287,281.67999267578125,BEAR_SMA_FORCED
2022-12-07,48077.80497717287,280.5299987792969,BEAR_SMA_FORCED
2022-12-08,48077.80497717287,283.8500061035156,BEAR_SMA_FORCED
2022-12-09,48077.80497717287,282.0400085449219,BEAR_SMA_FORCED
2022-12-12,48077.80497717287,285.5799865722656,BEAR_SMA_FORCED
2022-12-13,48077.80497717287,288.6499938964844,BEAR_SMA_FORCED
2022-12-14,48077.80497717287,286.510009765625,BEAR_SMA_FORCED
2022-12-15,48077.80497717287,276.8900146484375,BEAR_SMA_FORCED
2022-12-16,48077.80497717287,274.25,BEAR_SMA_FORCED
2022-12-19,48077.80497717287,269.75,BEAR_SMA_FORCED
2022-12-20,48077.80497717287,269.5400085449219,BEAR_SMA_FORCED
2022-12-21,48077.80497717287,273.45001220703125,BEAR_SMA_FORCED
2022-12-22,48077.80497717287,266.760009765625,BEAR_SMA_FORCED
2022-12-23,48077.80497717287,267.3599853515625,BEAR_SMA_FORCED
2022-12-27,48077.80497717287,263.5799865722656,BEAR_SMA_FORCED
2022-12-28,48077.80497717287,260.1000061035156,BEAR_SMA_FORCED
2022-12-29,48077.80497717287,266.44000244140625,BEAR_SMA_FORCED
2022-12-30,48077.80497717287,266.2799987792969,BEAR_SMA_FORCED
2023-01-03,48077.80497717287,264.4800109863281,BEAR_SMA_FORCED
2023-01-04,48077.80497717287,265.739990234375,BEAR_SMA_FORCED
2023-01-05,48077.80497717287,261.5799865722656,BEAR_SMA_FORCED
2023-01-06,48077.80497717287,268.79998779296875,BEAR_SMA_FORCED
2023-01-09,48077.80497717287,270.5400085449219,BEAR_SMA_FORCED
2023-01-10,48077.80497717287,272.8299865722656,BEAR_SMA_FORCED
2023-01-11,48077.80497717287,277.54998779296875,BEAR_SMA_FORCED
2023-01-12,48077.80497717287,279.04998779296875,BEAR_SMA_FORCED
2023-01-13,48077.80497717287,280.9700012207031,BEAR_SMA_FORCED
2023-01-17,48077.80497717287,281.5400085449219,BEAR_SMA_FORCED
2023-01-18,48077.80497717287,277.8800048828125,BEAR_SMA_FORCED
2023-01-19,48077.80497717287,275.1499938964844,BEAR_SMA_FORCED
2023-01-20,48077.80497717287,282.67999267578125,BEAR_SMA_FORCED
2023-01-23,48077.80497717287,288.9599914550781,BEAR_SMA_FORCED
2023-01-24,48077.80497717287,288.3699951171875,BEAR_SMA_FORCED
2023-01-25,48077.80497717287,287.7300109863281,BEAR_SMA_FORCED
2023-01-26,48077.80497717287,293.3399963378906,BEAR_SMA_FORCED
2023-01-27,48077.80497717287,296.260009765625,BEAR_SMA_FORCED
2023-01-30,48077.80497717287,290.2699890136719,BEAR_SMA_FORCED
2023-01-31,48077.80497717287,294.6199951171875,BULL_MODERATE
2023-02-01,48077.80497717287,300.9200134277344,BULL_MODERATE
2023-02-02,48077.80497717287,311.7200012207031,BULL_MODERATE
2023-02-03,48077.80497717287,306.17999267578125,BULL_MODERATE
2023-02-06,48077.80497717287,303.5899963378906,BULL_MODERATE
2023-02-07,48077.80497717287,309.8800048828125,BULL_MODERATE
2023-02-08,48077.80497717287,304.3699951171875,BULL_MODERATE
2023-02-09,48077.80497717287,301.67999267578125,BULL_MODERATE
2023-02-10,48077.80497717287,299.70001220703125,BULL_MODERATE
2023-02-13,48077.80497717287,304.5,BULL_MODERATE
2023-02-14,48077.80497717287,306.75,BULL_MODERATE
2023-02-15,48077.80497717287,309.1000061035156,BULL_MODERATE
2023-02-16,48077.80497717287,303.29998779296875,BULL_MODERATE
2023-02-17,48077.80497717287,301.1600036621094,BULL_MODERATE
2023-02-21,48077.80497717287,294.0299987792969,BULL_MODERATE
2023-02-22,48077.80497717287,294.25,BULL_MODERATE
2023-02-23,48077.80497717287,296.82000732421875,BULL_MODERATE
2023-02-24,48077.80497717287,291.8500061035156,BULL_MODERATE
2023-02-27,48077.80497717287,293.94000244140625,BULL_MODERATE
2023-02-28,48077.80497717287,293.5599975585937,BULL_MODERATE
2023-03-01,48077.80497717287,291.20001220703125,BULL_MODERATE
2023-03-02,48077.80497717287,293.6099853515625,BULL_MODERATE
2023-03-03,48077.80497717287,299.67999267578125,BULL_MODERATE
2023-03-06,48077.80497717287,300.0199890136719,BULL_MODERATE
2023-03-07,48077.80497717287,296.3399963378906,BULL_MODERATE
2023-03-08,48077.80497717287,297.82000732421875,BULL_MODERATE
2023-03-09,48077.80497717287,292.6600036621094,BULL_MODERATE
2023-03-10,48077.80497717287,288.54998779296875,BULL_MODERATE
2023-03-13,48077.80497717287,290.69000244140625,BULL_MODERATE
2023-03-14,48077.80497717287,297.3699951171875,BULL_MODERATE
2023-03-15,48077.80497717287,298.92999267578125,BULL_MODERATE
2023-03-16,48077.80497717287,306.8099975585937,BULL_MODERATE
2023-03-17,48077.80497717287,305.3599853515625,BULL_MODERATE
2023-03-20,48077.80497717287,305.9700012207031,BULL_MODERATE
2023-03-21,48077.80497717287,310.3399963378906,BULL_MODERATE
2023-03-22,48077.80497717287,306.1199951171875,BULL_MODERATE
2023-03-23,48077.80497717287,309.75,BULL_MODERATE
2023-03-24,48077.80497717287,310.8900146484375,BULL_MODERATE
2023-03-27,48077.80497717287,308.760009765625,BULL_MODERATE
2023-03-28,48077.80497717287,307.1199951171875,BULL_MODERATE
2023-03-29,48077.80497717287,312.7200012207031,BULL_MODERATE
2023-03-30,48077.80497717287,315.67999267578125,BULL_MODERATE
2023-03-31,48077.80497717287,320.92999267578125,BULL_MODERATE
2023-04-03,48077.80497717287,320.1499938964844,BULL_MODERATE
2023-04-04,48077.80497717287,319.07000732421875,BULL_MODERATE
2023-04-05,48077.80497717287,315.9200134277344,BULL_MODERATE
2023-04-06,48077.80497717287,318.04998779296875,BULL_MODERATE
2023-04-10,48077.80497717287,317.8699951171875,BULL_MODERATE
2023-04-11,48077.80497717287,315.8299865722656,BULL_MODERATE
2023-04-12,48077.80497717287,313.0400085449219,BULL_MODERATE
2023-04-13,48077.80497717287,319.1700134277344,BULL_MODERATE
2023-04-14,48077.80497717287,318.57000732421875,BULL_STRONG
2023-04-17,48077.80497717287,318.8399963378906,BULL_STRONG
2023-04-18,48077.80497717287,318.8599853515625,BULL_STRONG
2023-04-19,48077.80497717287,318.7099914550781,BULL_STRONG
2023-04-20,48077.80497717287,316.2799987792969,BULL_STRONG
2023-04-21,48077.80497717287,316.6099853515625,BULL_STRONG
2023-04-24,48077.80497717287,315.95001220703125,BULL_STRONG
2023-04-25,47998.22301406489,309.989990234375,BULL_STRONG
2023-04-26,48336.371642846214,311.8699951171875,BULL_STRONG
2023-04-27,49685.14289486412,320.3500061035156,BULL_STRONG
2023-04-28,49830.85401209943,322.5599975585937,BULL_STRONG
2023-05-01,49759.82254434927,322.19000244140625,BULL_STRONG
2023-05-02,49616.44329597377,319.3800048828125,BULL_STRONG
2023-05-03,49157.12666152283,317.2900085449219,BULL_STRONG
2023-05-04,49252.859983315044,316.1700134277344,BULL_STRONG
2023-05-05,50118.09717628558,322.8900146484375,BULL_STRONG
2023-05-08,50197.875779101596,323.69000244140625,BULL_STRONG
2023-05-09,49963.059543040734,321.6400146484375,BULL_STRONG
2023-05-10,50425.17535365526,325.1400146484375,BULL_STRONG
2023-05-11,50584.8503323085,326.20001220703125,BULL_STRONG
2023-05-12,50385.51413214039,325.0299987792969,BULL_STRONG
2023-05-15,50676.56207884655,326.7900085449219,BULL_STRONG
2023-05-16,50896.367039335586,327.1600036621094,BULL_STRONG
2023-05-17,51442.28121307422,331.1199951171875,BULL_STRONG
2023-05-18,52479.42695105807,337.2699890136719,BULL_STRONG
2023-05-19,52406.56089190391,336.510009765625,BULL_STRONG
2023-05-22,52644.02008533348,337.6400146484375,BULL_STRONG
2023-05-23,51894.61151351812,333.3599853515625,BULL_STRONG
2023-05-24,51800.660497978984,331.6499938964844,BULL_STRONG
2023-05-25,53127.262608360325,339.7200012207031,BULL_STRONG
2023-05-26,54709.79273204472,348.3999938964844,BULL_STRONG
2023-05-30,54924.96604080089,349.9800109863281,BULL_STRONG
2023-05-31,54637.96314270007,347.989990234375,BULL_STRONG
2023-06-01,55149.024765643335,352.010009765625,BULL_STRONG
2023-06-02,55583.791303054066,354.6499938964844,BULL_STRONG
2023-06-05,55585.62120311895,354.8999938964844,BULL_STRONG
2023-06-06,55529.65495456062,354.8399963378906,BULL_STRONG
2023-06-07,54343.95320158558,348.82000732421875,BULL_STRONG
2023-06-08,55143.685368079874,353.1499938964844,BULL_STRONG
2023-06-09,55406.813386394606,354.5,BULL_STRONG
2023-06-12,56614.82934335843,360.489990234375,BULL_STRONG
2023-06-13,57130.97366405946,363.260009765625,BULL_STRONG
2023-06-14,57605.213693206315,365.8999938964844,BULL_STRONG
2023-06-15,58468.74268806733,370.260009765625,BULL_STRONG
2023-06-16,57974.476674109086,367.9299926757813,BULL_STRONG
2023-06-20,57755.566759737856,366.8999938964844,BULL_STRONG
2023-06-21,56764.31559080462,361.8999938964844,BULL_STRONG
2023-06-22,57594.90899706206,366.1700134277344,BULL_STRONG
2023-06-23,56884.160122438705,362.5400085449219,BULL_STRONG
2023-06-26,55941.52083951364,357.67999267578125,BULL_STRONG
2023-06-27,57134.926649754976,363.8299865722656,BULL_STRONG
2023-06-28,57254.57783091453,364.5400085449219,BULL_STRONG
2023-06-29,57107.78403373007,363.80999755859375,BULL_STRONG
2023-06-30,58202.965199382794,369.4200134277344,BULL_STRONG
2023-07-03,58349.38619749028,370.2900085449219,BULL_STRONG
2023-07-05,58366.760943243266,370.2799987792969,BULL_STRONG
2023-07-06,57855.606195917346,367.4599914550781,BULL_STRONG
2023-07-07,57583.233442442346,366.239990234375,BULL_STRONG
2023-07-10,57596.96530185282,366.3599853515625,BULL_STRONG
2023-07-11,57943.75484026625,368.1700134277344,BULL_STRONG
2023-07-12,58816.91722151614,372.8200073242188,BULL_STRONG
2023-07-13,60065.902629241915,379.1499938964844,BULL_STRONG
2023-07-14,60035.62455521015,379.0700073242188,BULL_STRONG
2023-07-17,60726.97213320428,382.6099853515625,BULL_STRONG
2023-07-18,61346.98877000704,385.739990234375,BULL_STRONG
2023-07-19,61325.56340968527,385.6499938964844,BULL_STRONG
2023-07-20,59552.60743904875,376.760009765625,BULL_STRONG
2023-07-21,59315.782836543236,375.6300048828125,BULL_STRONG
2023-07-24,59418.42714159077,376.2300109863281,BULL_STRONG
2023-07-25,59922.53296841141,378.7799987792969,BULL_STRONG
2023-07-26,59656.45857169498,377.5199890136719,BULL_STRONG
2023-07-27,59489.10602643477,376.6199951171875,BULL_STRONG
2023-07-28,60825.858601795975,383.4800109863281,BULL_STRONG
2023-07-31,60844.04992910265,383.6799926757813,BULL_STRONG
2023-08-01,60667.2113344323,382.7900085449219,BULL_STRONG
2023-08-02,59043.8187368049,374.3900146484375,BULL_STRONG
2023-08-03,58911.06082963312,373.7900085449219,BULL_STRONG
2023-08-04,58604.0506303923,372.0400085449219,BULL_STRONG
2023-08-07,59151.34388218138,375.1900024414063,BULL_STRONG
2023-08-08,58479.95913697688,372.0,BULL_STRONG
2023-08-09,56959.090472814474,367.9100036621094,BULL_STRONG
2023-08-10,57144.85559499418,368.5899963378906,BULL_STRONG
2023-08-11,55977.62893456588,366.239990234375,BULL_STRONG
2023-08-14,57432.322403627055,370.3500061035156,BULL_STRONG
2023-08-15,56442.839204321834,366.4200134277344,BULL_STRONG
2023-08-16,55129.16458464188,362.5400085449219,BULL_STRONG
2023-08-17,54075.017636800694,358.5799865722656,BULL_STRONG
2023-08-18,53626.99885539421,358.1300048828125,BULL_STRONG
2023-08-21,56473.32417922131,363.8999938964844,BULL_STRONG
2023-08-22,56094.532462861585,363.3800048828125,BULL_STRONG
2023-08-23,58642.68250352607,369.1099853515625,BULL_STRONG
2023-08-24,54986.054629325525,361.2200012207031,BULL_STRONG
2023-08-25,56431.72219529336,364.0199890136719,BULL_STRONG
2023-08-28,57430.882835594166,366.760009765625,BULL_STRONG
2023-08-29,60644.161467633094,374.7699890136719,BULL_STRONG
2023-08-30,61423.16501794998,376.8599853515625,BULL_STRONG
2023-08-31,61845.80238799615,377.989990234375,BULL_STRONG
2023-09-01,61670.62865122742,377.5899963378906,BULL_STRONG
2023-09-05,62102.61797826522,378.0700073242188,BULL_STRONG
2023-09-06,60961.993176606586,374.739990234375,BULL_STRONG
2023-09-07,59377.03062806245,372.05999755859375,BULL_STRONG
2023-09-08,59560.97153896316,372.5799865722656,BULL_STRONG
2023-09-11,61318.797172948296,376.9700012207031,BULL_STRONG
2023-09-12,59850.042391501345,372.7900085449219,BULL_STRONG
2023-09-13,60365.27213302947,374.2099914550781,BULL_STRONG
2023-09-14,61522.30221986201,377.2699890136719,BULL_STRONG
2023-09-15,58918.245305778204,370.80999755859375,BULL_STRONG
2023-09-18,58987.323947464385,370.6600036621094,BULL_STRONG
2023-09-19,59101.10816635251,369.8699951171875,BULL_STRONG
2023-09-20,57112.60396486484,364.5400085449219,BULL_STRONG
2023-09-21,55142.095453147704,357.8599853515625,BULL_STRONG
2023-09-22,55095.05699857,357.9100036621094,BULL_STRONG
2023-09-25,56176.01513274424,359.6099853515625,BULL_STRONG
2023-09-26,54197.92086384966,354.2099914550781,BULL_STRONG
2023-09-27,54225.94136511569,355.0400085449219,BULL_STRONG
2023-09-28,55854.14313308112,358.010009765625,BULL_STRONG
2023-09-29,56042.77025286331,358.2699890136719,BULL_STRONG
2023-10-02,57576.33787610059,361.260009765625,BULL_STRONG
2023-10-03,54770.462293092416,354.9200134277344,BULL_STRONG
2023-10-04,56638.82744368455,359.75,BULL_STRONG
2023-10-05,55989.86614043994,358.69000244140625,BULL_STRONG
2023-10-06,59221.06782711386,364.7000122070313,BULL_STRONG
2023-10-09,60233.02536722867,366.55999755859375,BULL_STRONG
2023-10-10,60955.24912176724,368.5899963378906,BULL_STRONG
2023-10-11,61970.59594214342,371.2200012207031,BULL_STRONG
2023-10-12,61480.37867824962,369.9299926757813,BULL_STRONG
2023-10-13,59595.64206762809,365.2799987792969,BULL_STRONG
2023-10-16,61279.15104173369,369.4100036621094,BULL_STRONG
2023-10-17,61017.449690679125,368.2000122070313,BULL_STRONG
2023-10-18,58880.54418405212,363.3699951171875,BULL_STRONG
2023-10-19,58239.31538012385,359.9700012207031,BULL_STRONG
2023-10-20,56244.01952723922,354.6000061035156,BULL_STRONG
2023-10-23,56346.71043224401,355.6700134277344,BULL_STRONG
2023-10-24,57254.37316762527,359.1300048828125,BULL_STRONG
2023-10-25,53899.44870528407,350.3399963378906,BULL_MODERATE
2023-10-26,51066.9711353677,343.6600036621094,BULL_MODERATE
2023-10-27,51897.953023117465,345.3099975585937,BULL_MODERATE
2023-10-30,52870.42635563372,349.20001220703125,BULL_MODERATE
2023-10-31,53041.76122493615,350.8699951171875,BULL_MODERATE
2023-11-01,55275.35444658038,356.9599914550781,BULL_MODERATE
2023-11-02,57081.961421172484,363.4400024414063,BULL_MODERATE
2023-11-03,59087.65495417766,367.7099914550781,BULL_MODERATE
2023-11-06,59803.186705985165,369.2099914550781,BULL_MODERATE
2023-11-07,61228.93857206607,372.7000122070313,BULL_STRONG
2023-11-08,61331.501550125424,372.9400024414063,BULL_STRONG
2023-11-09,60316.07072469698,370.0700073242188,BULL_STRONG
2023-11-10,63324.377774714376,378.3900146484375,BULL_STRONG
2023-11-13,62738.00629453185,377.2099914550781,BULL_STRONG
2023-11-14,67184.08642219557,385.3299865722656,BULL_STRONG
2023-11-15,67328.7517007007,385.6199951171875,BULL_STRONG
2023-11-16,67509.11034160107,385.9500122070313,BULL_STRONG
2023-11-17,67408.8072058261,386.0400085449219,BULL_STRONG
2023-11-20,69984.75096509626,390.739990234375,BULL_STRONG
2023-11-21,68641.80069827831,388.4700012207031,BULL_STRONG
2023-11-22,69469.88949967112,390.05999755859375,BULL_STRONG
2023-11-24,69024.07345426104,389.510009765625,BULL_STRONG
2023-11-27,68781.51689997029,389.1700134277344,BULL_STRONG
2023-11-28,69353.92801970798,390.1900024414063,BULL_STRONG
2023-11-29,69126.62550565955,389.80999755859375,BULL_STRONG
2023-11-30,68515.04512737974,388.8299865722656,BULL_STRONG
2023-12-01,69072.7196060615,389.9400024414063,BULL_STRONG
2023-12-04,66950.54293518912,386.3200073242188,BULL_STRONG
2023-12-05,67472.03398658018,387.2900085449219,BULL_STRONG
2023-12-06,66156.24594000865,385.0499877929688,BULL_STRONG
2023-12-07,69275.50924763505,390.4299926757813,BULL_STRONG
2023-12-08,70178.18649150254,392.1700134277344,BULL_STRONG
2023-12-11,72104.00235413048,395.5199890136719,BULL_STRONG
2023-12-12,73900.52107825674,398.6700134277344,BULL_STRONG
2023-12-13,76867.37728425168,403.739990234375,BULL_STRONG
2023-12-14,76648.15248779004,403.3900146484375,BULL_STRONG
2023-12-15,77774.34828647545,405.3399963378906,BULL_STRONG
2023-12-18,78749.92052611071,407.0799865722656,BULL_STRONG
2023-12-19,79970.49199847317,409.1600036621094,BULL_STRONG
2023-12-20,76431.80831181454,403.0799865722656,BULL_STRONG
2023-12-21,79155.22208302787,407.7699890136719,BULL_STRONG
2023-12-22,79436.22945782501,408.3800048828125,BULL_STRONG
2023-12-26,80809.69402012149,410.8800048828125,BULL_STRONG
2023-12-27,81148.78210029489,411.5,BULL_STRONG
2023-12-28,80990.77838318024,411.2999877929688,BULL_STRONG
2023-12-29,79870.11097290309,409.5199890136719,BULL_STRONG
2024-01-02,75733.93693329286,402.5899963378906,BULL_STRONG
2024-01-03,73299.6086993925,398.3299865722656,BULL_STRONG
2024-01-04,72073.36033253012,396.2799987792969,BULL_STRONG
2024-01-05,72224.08897846907,396.75,BULL_STRONG
2024-01-08,76970.65036355735,404.9500122070313,BULL_STRONG
2024-01-09,77406.1709989773,405.75,BULL_STRONG
2024-01-10,79007.4543340868,408.5,BULL_STRONG
2024-01-11,79469.12389130914,409.3500061035156,BULL_STRONG
2024-01-12,79564.9265928102,409.55999755859375,BULL_STRONG
2024-01-16,79512.66351829623,409.5199890136719,BULL_STRONG
2024-01-17,78210.78335543757,407.2099914550781,BULL_STRONG
2024-01-18,81537.33507209335,412.989990234375,BULL_STRONG
2024-01-19,86340.58816382624,421.1799926757813,BULL_STRONG
2024-01-22,86590.11810483476,421.7300109863281,BULL_STRONG
2024-01-23,87599.7210365262,423.4800109863281,BULL_STRONG
2024-01-24,88995.23706216295,425.8299865722656,BULL_STRONG
2024-01-25,89278.34267407231,426.3500061035156,BULL_STRONG
2024-01-26,88072.0676665396,423.80999755859375,BULL_STRONG
2024-01-29,89753.67377870367,428.1499938964844,BULL_STRONG
2024-01-30,88595.76687117982,425.2999877929688,BULL_STRONG
2024-01-31,85309.63352953951,416.9700012207031,BULL_STRONG
2024-02-01,87218.84866310746,421.8800048828125,BULL_STRONG
2024-02-02,90037.10045653321,429.010009765625,BULL_STRONG
2024-02-05,89766.11857656685,428.4500122070313,BULL_STRONG
2024-02-06,89388.13496808692,427.5899963378906,BULL_STRONG
2024-02-07,91120.3274104279,431.989990234375,BULL_STRONG
2024-02-08,91418.18575662404,432.7900085449219,BULL_STRONG
2024-02-09,93103.55479996618,437.0499877929688,BULL_STRONG
2024-02-12,92389.12308446827,435.3399963378906,BULL_STRONG
2024-02-13,89745.35660869215,428.5499877929688,BULL_STRONG
2024-02-14,91513.51005714433,433.2200012207031,BULL_STRONG
2024-02-15,92000.3238276463,434.510009765625,BULL_STRONG
2024-02-16,90422.1237433658,430.5700073242188,BULL_STRONG
2024-02-20,89092.73932591907,427.3200073242188,BULL_STRONG
2024-02-21,88405.44056382508,425.6099853515625,BULL_STRONG
2024-02-22,93311.92173790754,438.0700073242188,BULL_STRONG
2024-02-23,92770.18177356737,436.7799987792969,BULL_STRONG
2024-02-26,92630.31291056224,436.5499877929688,BULL_STRONG
2024-02-27,93025.12563070506,437.6000061035156,BULL_STRONG
2024-02-28,92079.83968262121,435.2699890136719,BULL_STRONG
2024-02-29,93536.37618715668,439.0,BULL_STRONG
2024-03-01,96152.99736438505,445.6099853515625,BULL_STRONG
2024-03-04,95471.74453425097,444.0199890136719,BULL_STRONG
2024-03-05,92284.78060245568,436.0499877929688,BULL_STRONG
2024-03-06,93362.63867088727,438.7900085449219,BULL_STRONG
2024-03-07,96000.57739725708,445.4500122070313,BULL_STRONG
2024-03-08,93420.99899275391,439.0199890136719,BULL_STRONG
2024-03-11,92731.48269085545,437.3900146484375,BULL_STRONG
2024-03-12,95198.25385684763,443.6600036621094,BULL_STRONG
2024-03-13,93816.79962236452,440.25,BULL_STRONG
2024-03-14,93361.91664604866,439.1400146484375,BULL_STRONG
2024-03-15,91261.50949136625,433.9200134277344,BULL_STRONG
2024-03-18,92627.17847407411,437.4800109863281,BULL_STRONG
2024-03-19,93040.11833344534,438.5700073242188,BULL_STRONG
2024-03-20,95091.86397112659,443.7699890136719,BULL_STRONG
2024-03-21,95913.64897969464,445.8699951171875,BULL_STRONG
2024-03-22,96096.64528947943,446.3800048828125,BULL_STRONG
2024-03-25,95385.13668390882,444.760009765625,BULL_STRONG
2024-03-26,94982.66468113006,443.3200073242188,BULL_STRONG
2024-03-27,95729.254085795,444.8299865722656,BULL_STRONG
2024-03-28,95469.99262938734,444.010009765625,BULL_STRONG
2024-04-01,95761.63699627662,444.9500122070313,BULL_STRONG
2024-04-02,94669.71786000808,441.1099853515625,BULL_STRONG
2024-04-03,95039.61057682069,442.1000061035156,BULL_STRONG
2024-04-04,92685.82089516157,435.3399963378906,BULL_STRONG
2024-04-05,94189.61351259176,440.4700012207031,BULL_STRONG
2024-04-08,94526.38683028995,440.6000061035156,BULL_STRONG
2024-04-09,95037.57866193178,442.2300109863281,BULL_STRONG
2024-04-10,93901.50642199058,438.3699951171875,BULL_STRONG
2024-04-11,95906.57909486338,445.3699951171875,BULL_STRONG
2024-04-12,93369.78085992605,438.2699890136719,BULL_STRONG
2024-04-15,90969.32172537259,431.05999755859375,BULL_STRONG
2024-04-16,91159.42798264655,431.1000061035156,BULL_STRONG
2024-04-17,89285.86361683639,425.8399963378906,BULL_STRONG
2024-04-18,88620.57816812642,423.4100036621094,BULL_STRONG
2024-04-19,85865.56012192441,414.6499938964844,BULL_STRONG
2024-04-22,87890.6008309854,418.8200073242188,BULL_STRONG
2024-04-23,90333.81593859532,425.0700073242188,BULL_STRONG
2024-04-24,90896.84536626286,426.510009765625,BULL_STRONG
2024-04-25,90046.24705677715,424.4500122070313,BULL_STRONG
2024-04-26,92637.720169013,431.0,BULL_STRONG
2024-04-29,93283.4924642659,432.75,BULL_STRONG
2024-04-30,90013.90182765874,424.5899963378906,BULL_STRONG
2024-05-01,88769.93770499252,421.5199890136719,BULL_STRONG
2024-05-02,90890.78492010843,426.8999938964844,BULL_STRONG
2024-05-03,94298.96090474584,435.4800109863281,BULL_STRONG
2024-05-06,96155.61047756372,440.25,BULL_STRONG
2024-05-07,96166.89136548022,440.3200073242188,BULL_STRONG
2024-05-08,96045.89054293174,440.05999755859375,BULL_STRONG
2024-05-09,96410.64244324047,441.0199890136719,BULL_STRONG
2024-05-10,96550.62628429916,442.05999755859375,BULL_STRONG
2024-05-13,96725.33790565084,443.0799865722656,BULL_STRONG
2024-05-14,97158.49227107089,445.9299926757813,BULL_STRONG
2024-05-15,98135.56765642935,452.8999938964844,BULL_STRONG
2024-05-16,98018.90051271739,451.9800109863281,BULL_STRONG
2024-05-17,98031.09860334515,451.760009765625,BULL_STRONG
2024-05-20,98310.3603441061,454.9100036621094,BULL_STRONG
2024-05-21,98310.3603441061,455.7999877929688,BULL_STRONG
2024-05-22,98310.3603441061,455.7099914550781,BULL_STRONG
2024-05-23,98310.3603441061,453.6600036621094,BULL_STRONG
2024-05-24,98310.3603441061,457.9500122070313,BULL_STRONG
2024-05-28,98310.3603441061,459.6799926757813,BULL_STRONG
2024-05-29,98310.3603441061,456.4400024414063,BULL_STRONG
2024-05-30,98310.3603441061,451.5499877929688,BULL_STRONG
2024-05-31,98310.3603441061,450.7099914550781,BULL_STRONG
2024-06-03,98310.3603441061,453.1300048828125,BULL_STRONG
2024-06-04,98310.3603441061,454.3699951171875,BULL_STRONG
2024-06-05,98310.3603441061,463.5299987792969,BULL_STRONG
2024-06-06,98310.3603441061,463.3699951171875,BULL_STRONG
2024-06-07,98310.3603441061,462.9599914550781,BULL_STRONG
2024-06-10,98310.3603441061,464.8299865722656,BULL_STRONG
2024-06-11,98310.3603441061,468.0199890136719,BULL_STRONG
2024-06-12,98310.3603441061,474.1499938964844,BULL_STRONG
2024-06-13,98310.3603441061,476.7200012207031,BULL_STRONG
2024-06-14,98310.3603441061,479.1900024414063,BULL_STRONG
2024-06-17,98310.3603441061,485.05999755859375,BULL_STRONG
2024-06-18,98310.3603441061,485.2099914550781,BULL_STRONG
2024-06-20,98310.3603441061,481.4700012207031,BULL_STRONG
2024-06-21,98310.3603441061,480.1799926757813,BULL_STRONG
2024-06-24,98310.3603441061,473.9599914550781,BULL_STRONG
2024-06-25,98310.3603441061,479.3800048828125,BULL_STRONG
2024-06-26,98310.3603441061,480.3699951171875,BULL_STRONG
2024-06-27,98310.3603441061,481.6099853515625,BULL_STRONG
2024-06-28,98310.3603441061,479.1099853515625,BULL_STRONG
2024-07-01,98310.3603441061,481.9200134277344,BULL_STRONG
2024-07-02,98310.3603441061,486.9800109863281,BULL_STRONG
2024-07-03,98310.3603441061,491.0400085449219,BULL_STRONG
2024-07-05,98310.3603441061,496.1600036621094,BULL_STRONG
2024-07-08,98310.3603441061,497.3399963378906,BULL_STRONG
2024-07-09,98310.3603441061,497.7699890136719,BULL_STRONG
2024-07-10,98310.3603441061,502.9599914550781,BULL_STRONG
2024-07-11,98310.3603441061,491.9299926757813,BULL_STRONG
2024-07-12,98310.3603441061,494.8200073242188,BULL_STRONG
2024-07-15,98310.3603441061,496.1499938964844,BULL_STRONG
2024-07-16,98310.3603441061,496.3399963378906,BULL_STRONG
2024-07-17,98310.3603441061,481.7699890136719,BULL_STRONG
2024-07-18,98310.3603441061,479.489990234375,BULL_STRONG
2024-07-19,98310.3603441061,475.239990234375,BULL_STRONG
2024-07-22,98310.3603441061,482.3200073242188,BULL_STRONG
2024-07-23,98310.3603441061,480.6199951171875,BULL_STRONG
2024-07-24,98136.77110921129,463.3800048828125,BULL_STRONG
2024-07-25,97000.4449170589,458.2699890136719,BULL_STRONG
2024-07-26,97726.13629676207,462.9700012207031,BULL_MODERATE
2024-07-29,97983.96641801335,463.8999938964844,BULL_MODERATE
2024-07-30,96854.70540595613,457.5299987792969,BULL_MODERATE
2024-07-31,99682.27822647327,471.0700073242188,BULL_MODERATE
2024-08-01,97204.09059873375,459.6600036621094,BULL_MODERATE
2024-08-02,96864.38441897623,448.75,BULL_MODERATE
2024-08-05,92183.56015162694,435.3699951171875,BULL_MODERATE
2024-08-06,96465.85872057495,439.5299987792969,BULL_MODERATE
2024-08-07,95437.04294514871,434.7699890136719,BEAR
2024-08-08,97517.33822443531,448.0700073242188,BEAR
2024-08-09,96668.48764426386,450.4100036621094,BEAR
2024-08-12,96990.87866309522,451.3800048828125,BEAR
2024-08-13,98525.21458834432,462.5799865722656,BULL_MODERATE
2024-08-14,98189.00736107655,462.7300109863281,BULL_MODERATE
2024-08-15,100875.34801692658,474.4200134277344,BULL_MODERATE
2024-08-16,100862.35678779535,475.0299987792969,BULL_MODERATE
2024-08-19,102438.75896900256,481.2699890136719,BULL_MODERATE
2024-08-20,102528.58458024028,480.260009765625,BULL_MODERATE
2024-08-21,103224.10239247563,482.5,BULL_MODERATE
2024-08-22,101690.56747179599,474.8500061035156,BULL_MODERATE
2024-08-23,102358.03903974834,480.0,BULL_MODERATE
2024-08-26,101150.76459937295,475.3399963378906,BULL_MODERATE
2024-08-27,101221.81881354941,476.760009765625,BULL_MODERATE
2024-08-28,100399.57774438836,471.3500061035156,BULL_MODERATE
2024-08-29,99627.40263017037,470.6600036621094,BULL_MODERATE
2024-08-30,100879.36355082918,476.2699890136719,BULL_MODERATE
2024-09-03,98882.03318716242,461.80999755859375,BULL_MODERATE
2024-09-04,98867.08938419583,460.6099853515625,BULL_MODERATE
2024-09-05,98470.16781842738,461.0400085449219,BULL_MODERATE
2024-09-06,96940.29283198743,448.6900024414063,BULL_MODERATE
2024-09-09,97240.73050480231,454.4599914550781,BULL_MODERATE
2024-09-10,97840.54748150097,458.6600036621094,BULL_MODERATE
2024-09-11,100875.92417299404,468.6199951171875,BULL_MODERATE
2024-09-12,101556.46851539404,473.2200012207031,BULL_MODERATE
2024-09-13,101785.64127918484,475.3399963378906,BULL_MODERATE
2024-09-16,101761.25927575356,473.239990234375,BULL_MODERATE
2024-09-17,101941.32883944876,473.489990234375,BULL_MODERATE
2024-09-18,101191.74950560923,471.4400024414063,BULL_MODERATE
2024-09-19,103390.24803414613,483.3599853515625,BULL_MODERATE
2024-09-20,103195.72353103937,482.4400024414063,BULL_MODERATE
2024-09-23,103318.8384927039,483.0400085449219,BULL_MODERATE
2024-09-24,103676.1467240564,485.3699951171875,BULL_MODERATE
2024-09-25,103786.13525195603,485.8200073242188,BULL_MODERATE
2024-09-26,104394.22636059904,489.4700012207031,BULL_STRONG
2024-09-27,104134.01520265682,486.75,BULL_STRONG
2024-09-30,104364.61667735894,488.0700073242188,BULL_STRONG
2024-10-01,102981.79442891206,481.2699890136719,BULL_STRONG
2024-10-02,103006.70619290063,481.9500122070313,BULL_STRONG
2024-10-03,103452.57575132402,481.5899963378906,BULL_STRONG
2024-10-04,104518.58822903683,487.3200073242188,BULL_STRONG
2024-10-07,104359.04502783115,482.1000061035156,BULL_STRONG
2024-10-08,105732.37873055098,489.2999877929688,BULL_STRONG
2024-10-09,106523.00216211639,493.1499938964844,BULL_MODERATE
2024-10-10,106502.49537554749,492.5899963378906,BULL_MODERATE
2024-10-11,106583.02690129304,493.3599853515625,BULL_MODERATE
2024-10-14,107446.15671525762,497.5,BULL_MODERATE
2024-10-15,106159.44681496551,490.8500061035156,BULL_MODERATE
2024-10-16,106086.42172676687,490.9100036621094,BULL_MODERATE
2024-10-17,106112.77947309084,491.25,BULL_MODERATE
2024-10-18,106641.50922766894,494.4700012207031,BULL_MODERATE
2024-10-21,107100.68301591948,495.4200134277344,BULL_STRONG
2024-10-22,107169.03466203116,495.9599914550781,BULL_STRONG
2024-10-23,105381.13907966574,488.3599853515625,BULL_STRONG
2024-10-24,106366.54952327366,492.3200073242188,BULL_STRONG
2024-10-25,107546.4261585061,495.3200073242188,BULL_STRONG
2024-10-28,107318.84400758735,495.3999938964844,BULL_STRONG
2024-10-29,108462.41955965428,500.1600036621094,BULL_STRONG
2024-10-30,107687.9363887026,496.3800048828125,BULL_STRONG
2024-10-31,105304.47617861537,483.8500061035156,BULL_STRONG
2024-11-01,105716.80221431688,487.4299926757813,BULL_STRONG
2024-11-04,105301.16910898052,486.010009765625,BULL_MODERATE
2024-11-05,106247.49122255256,492.2099914550781,BULL_MODERATE
2024-11-06,108612.23756207286,505.5799865722656,BULL_MODERATE
2024-11-07,110079.92611002893,513.5399780273438,BULL_MODERATE
2024-11-08,110237.23310322469,514.1400146484375,BULL_MODERATE
2024-11-11,110234.62848007935,513.8400268554688,BULL_STRONG
2024-11-12,110036.45119463862,512.9099731445312,BULL_STRONG
2024-11-13,109711.53456396546,512.25,BULL_STRONG
2024-11-14,108694.28713119478,508.6900024414063,BULL_STRONG
2024-11-15,105565.19419132176,496.5700073242188,BULL_STRONG
2024-11-18,106367.38879168162,500.0199890136719,BULL_STRONG
2024-11-19,107481.1155376541,503.4599914550781,BULL_STRONG
2024-11-20,107558.06037856621,503.1700134277344,BULL_STRONG
2024-11-21,107983.82962598806,504.9800109863281,BULL_STRONG
2024-11-22,107875.6477355579,505.7900085449219,BULL_STRONG
2024-11-25,108120.59848253826,506.5899963378906,BULL_STRONG
2024-11-26,108714.69421453992,509.30999755859375,BULL_STRONG
2024-11-27,107987.8181511421,505.2999877929688,BULL_STRONG
2024-11-29,108955.97689073632,509.739990234375,BULL_STRONG
2024-12-02,110067.52119653473,515.2899780273438,BULL_STRONG
2024-12-03,110410.25294516243,516.8699951171875,BULL_STRONG
2024-12-04,111615.92190723655,523.260009765625,BULL_STRONG
2024-12-05,111311.61883087108,521.8099975585938,BULL_STRONG
2024-12-06,112387.31426446905,526.47998046875,BULL_STRONG
2024-12-09,111467.77768122435,522.3800048828125,BULL_STRONG
2024-12-10,111093.77395216987,520.5999755859375,BULL_STRONG
2024-12-11,113765.24075598201,529.9199829101562,BULL_STRONG
2024-12-12,112738.19196584601,526.5,BULL_STRONG
2024-12-13,113904.3549471015,530.530029296875,BULL_STRONG
2024-12-16,116181.75619442403,538.1699829101562,BULL_STRONG
2024-12-17,115566.90636418901,535.7999877929688,BULL_STRONG
2024-12-18,111525.25486053823,516.469970703125,BULL_STRONG
2024-12-19,110647.89781196996,514.1699829101562,BULL_STRONG
2024-12-20,110685.40447905641,518.6599731445312,BULL_MODERATE
2024-12-23,112163.6823378956,522.8699951171875,BULL_MODERATE
2024-12-24,113901.47795069756,529.9600219726562,BULL_MODERATE
2024-12-26,113847.09534725896,529.5999755859375,BULL_MODERATE
2024-12-27,112316.90668322674,522.5599975585938,BULL_STRONG
2024-12-30,110449.02225732512,515.6099853515625,BULL_STRONG
2024-12-31,109184.44505005406,511.2300109863281,BULL_STRONG
2025-01-02,108959.75905063994,510.2300109863281,BULL_STRONG
2025-01-03,111069.0064925395,518.5800170898438,BULL_STRONG
2025-01-06,112744.82174926234,524.5399780273438,BULL_STRONG
2025-01-07,110251.10199732185,515.1799926757812,BULL_STRONG
2025-01-08,110240.18673323139,515.27001953125,BULL_STRONG
2025-01-10,108012.07308929515,507.1900024414063,BULL_STRONG
2025-01-13,107432.29795196223,505.55999755859375,BULL_STRONG
2025-01-14,107186.38467237898,505.0799865722656,BULL_MODERATE
2025-01-15,109842.8725440893,516.7000122070312,BULL_MODERATE
2025-01-16,109121.6797647544,513.0800170898438,BULL_MODERATE
2025-01-17,110861.69705866177,521.739990234375,BULL_MODERATE
2025-01-21,111657.4830243503,524.7999877929688,BULL_MODERATE
2025-01-22,113132.39607411624,531.510009765625,BULL_MODERATE
2025-01-23,113405.00130958055,532.6400146484375,BULL_STRONG
2025-01-24,112834.53959108406,529.6300048828125,BULL_STRONG
2025-01-27,109136.0830837112,514.2100219726562,BULL_STRONG
2025-01-28,111155.65031669376,521.8099975585938,BULL_STRONG
2025-01-29,110968.53879370476,520.8300170898438,BULL_STRONG
2025-01-30,111807.9171790381,523.0499877929688,BULL_STRONG
2025-01-31,111628.57809214515,522.2899780273438,BULL_STRONG
2025-02-03,110588.64787311522,518.1099853515625,BULL_STRONG
2025-02-04,112177.5561669961,524.469970703125,BULL_STRONG
2025-02-05,113153.71068604001,526.8499755859375,BULL_STRONG
2025-02-06,113793.48724756009,529.5999755859375,BULL_STRONG
2025-02-07,112298.323406392,522.9199829101562,BULL_STRONG
2025-02-10,113837.94240086504,529.25,BULL_STRONG
2025-02-11,113585.49607195932,527.989990234375,BULL_STRONG
2025-02-12,113824.02275644729,528.2999877929688,BULL_STRONG
2025-02-13,115488.94659988477,535.9000244140625,BULL_STRONG
2025-02-14,115998.71271097615,538.1500244140625,BULL_STRONG
2025-02-18,116283.48279571983,539.3699951171875,BULL_STRONG
2025-02-19,116363.66922168716,539.52001953125,BULL_STRONG
2025-02-20,116081.27881971092,537.22998046875,BULL_STRONG
2025-02-21,113237.70400594734,526.0800170898438,BULL_STRONG
2025-02-24,111775.48436440586,519.8699951171875,BULL_STRONG
2025-02-25,110404.4413206041,513.3200073242188,BULL_STRONG
2025-02-26,110727.00900360756,514.5599975585938,BULL_STRONG
2025-02-27,107562.51833197214,500.2699890136719,BULL_STRONG
2025-02-28,109186.63060725799,508.1700134277344,BULL_STRONG
2025-03-03,107053.94816921209,497.0499877929688,BULL_MODERATE
2025-03-04,107068.05395399188,495.5499877929688,BULL_MODERATE
2025-03-05,108842.85281185311,502.010009765625,BULL_MODERATE
2025-03-06,105995.03617535986,488.2000122070313,BULL_MODERATE
2025-03-07,106969.82641277355,491.7900085449219,BULL_MODERATE
2025-03-10,102690.25181701715,472.7300109863281,BEAR_SMA_FORCED
2025-03-11,102394.6925039038,471.6000061035156,BEAR_SMA_FORCED
2025-03-12,103977.7724987191,476.9200134277344,BEAR_SMA_FORCED
2025-03-13,101802.6855144945,468.3399963378906,BEAR_SMA_FORCED
2025-03-14,104135.08688036395,479.6600036621094,BEAR_SMA_FORCED
2025-03-17,104695.65209004872,482.7699890136719,BEAR_SMA_FORCED
2025-03-18,102621.83270778123,474.5400085449219,BEAR_SMA_FORCED
2025-03-19,104029.21996468304,480.8900146484375,BEAR_SMA_FORCED
2025-03-20,103532.12541557633,479.260009765625,BEAR_SMA_FORCED
2025-03-21,103876.85901489572,480.8399963378906,BEAR_SMA_FORCED
2025-03-24,106529.35211013159,490.6600036621094,BEAR_SMA_FORCED
2025-03-25,107285.1325931107,493.4599914550781,BEAR_SMA_FORCED
2025-03-26,104658.11907986576,484.3800048828125,BEAR_SMA_FORCED
2025-03-27,105052.49082813805,481.6199951171875,BEAR_SMA_FORCED
2025-03-28,105052.49082813805,468.9400024414063,BEAR_SMA_FORCED
2025-03-31,105052.49082813805,468.9200134277344,BEAR_SMA_FORCED
2025-04-01,105052.49082813805,472.7000122070313,BEAR_SMA_FORCED
2025-04-02,105052.49082813805,476.1499938964844,BEAR_SMA_FORCED
2025-04-03,105052.49082813805,450.6600036621094,BEAR_SMA_FORCED
2025-04-04,105052.49082813805,422.6700134277344,BEAR_SMA_FORCED
2025-04-07,105052.49082813805,423.6900024414063,BEAR_SMA_FORCED
2025-04-08,105052.49082813805,416.05999755859375,BEAR_SMA_FORCED
2025-04-09,105052.49082813805,466.0,BEAR_SMA_FORCED
2025-04-10,105052.49082813805,446.1799926757813,BEAR_SMA_FORCED
2025-04-11,105052.49082813805,454.3999938964844,BEAR_SMA_FORCED
2025-04-14,105052.49082813805,457.4800109863281,BEAR_SMA_FORCED
2025-04-15,105052.49082813805,457.989990234375,BEAR_SMA_FORCED
2025-04-16,105052.49082813805,444.1799926757813,BEAR_SMA_FORCED
2025-04-17,105052.49082813805,444.1000061035156,BEAR_SMA_FORCED
2025-04-21,105052.49082813805,433.1099853515625,BEAR_SMA_FORCED
2025-04-22,105052.49082813805,444.4800109863281,BEAR_SMA_FORCED
2025-04-23,105052.49082813805,454.55999755859375,BEAR_SMA_FORCED
2025-04-24,105052.49082813805,467.3500061035156,BEAR_SMA_FORCED
2025-04-25,105052.49082813805,472.55999755859375,BEAR_SMA_FORCED
2025-04-28,105052.49082813805,472.4100036621094,BEAR_SMA_FORCED
2025-04-29,105052.49082813805,475.5299987792969,BEAR_SMA_FORCED
2025-04-30,105052.49082813805,475.4700012207031,BEAR_SMA_FORCED
2025-05-01,105052.49082813805,481.6799926757813,BEAR_SMA_FORCED
2025-05-02,105052.49082813805,488.8299865722656,BEAR_SMA_FORCED
2025-05-05,105052.49082813805,485.9299926757813,BEAR_SMA_FORCED
2025-05-06,105052.49082813805,481.4100036621094,BEAR_SMA_FORCED
2025-05-07,105052.49082813805,483.2999877929688,BEAR_SMA_FORCED
2025-05-08,105052.49082813805,488.2900085449219,BEAR_SMA_FORCED
2025-05-09,105052.49082813805,487.9700012207031,BEAR_SMA_FORCED
2025-05-12,105052.49082813805,507.8500061035156,BEAR_SMA_FORCED
2025-05-13,105052.49082813805,515.5900268554688,BEAR_SMA_FORCED
2025-05-14,105052.49082813805,518.6799926757812,BULL_MODERATE
2025-05-15,105052.49082813805,519.25,BULL_MODERATE
2025-05-16,105052.49082813805,521.510009765625,BULL_MODERATE
2025-05-19,105052.49082813805,522.010009765625,BULL_MODERATE
2025-05-20,105052.49082813805,520.27001953125,BULL_MODERATE
2025-05-21,105052.49082813805,513.0399780273438,BULL_MODERATE
2025-05-22,105052.49082813805,514.0,BULL_MODERATE
2025-05-23,105052.49082813805,509.239990234375,BULL_MODERATE
2025-05-27,105052.49082813805,521.219970703125,BULL_MODERATE
2025-05-28,105052.49082813805,518.9099731445312,BULL_MODERATE
2025-05-29,105052.49082813805,519.9299926757812,BULL_MODERATE
2025-05-30,105052.49082813805,519.1099853515625,BULL_MODERATE
2025-06-02,105052.49082813805,523.2100219726562,BULL_MODERATE
2025-06-03,105052.49082813805,527.2999877929688,BULL_MODERATE
2025-06-04,105052.49082813805,528.77001953125,BULL_MODERATE
2025-06-05,105052.49082813805,524.7899780273438,BULL_MODERATE
2025-06-06,105052.49082813805,529.9199829101562,BULL_STRONG
2025-06-09,105052.49082813805,530.7000122070312,BULL_STRONG
2025-06-10,105052.49082813805,534.2100219726562,BULL_STRONG
2025-06-11,105052.49082813805,532.4099731445312,BULL_STRONG
2025-06-12,105052.49082813805,533.6599731445312,BULL_STRONG
2025-06-13,105052.49082813805,526.9600219726562,BULL_STRONG
2025-06-16,105052.49082813805,534.2899780273438,BULL_STRONG
2025-06-17,105052.49082813805,529.0800170898438,BULL_STRONG
2025-06-18,105052.49082813805,528.989990234375,BULL_STRONG
2025-06-20,105052.49082813805,526.8300170898438,BULL_STRONG
2025-06-23,105052.49082813805,531.6500244140625,BULL_STRONG
2025-06-24,105052.49082813805,539.780029296875,BULL_STRONG
2025-06-25,105052.49082813805,541.1599731445312,BULL_STRONG
2025-06-26,105052.49082813805,546.219970703125,BULL_STRONG
2025-06-27,105052.49082813805,548.0900268554688,BULL_STRONG
2025-06-30,105052.49082813805,551.6400146484375,BULL_STRONG
2025-07-01,105052.49082813805,546.989990234375,BULL_STRONG
2025-07-02,105052.49082813805,550.7999877929688,BULL_STRONG
2025-07-03,105052.49082813805,556.219970703125,BULL_STRONG
2025-07-07,105052.49082813805,552.030029296875,BULL_STRONG
2025-07-08,105052.49082813805,552.3400268554688,BULL_STRONG
2025-07-09,105052.49082813805,556.25,BULL_STRONG
2025-07-10,105052.49082813805,555.4500122070312,BULL_STRONG
2025-07-11,105052.49082813805,554.2000122070312,BULL_STRONG
2025-07-14,105052.49082813805,556.2100219726562,BULL_STRONG
2025-07-15,105052.49082813805,556.719970703125,BULL_STRONG
2025-07-16,105052.49082813805,557.2899780273438,BULL_STRONG
2025-07-17,105052.49082813805,561.7999877929688,BULL_STRONG
2025-07-18,105052.49082813805,561.260009765625,BULL_STRONG
2025-07-21,105052.49082813805,564.1699829101562,BULL_STRONG
2025-07-22,105052.49082813805,561.25,BULL_STRONG
2025-07-23,105052.49082813805,563.8099975585938,BULL_STRONG
2025-07-24,105052.49082813805,565.010009765625,BULL_STRONG
2025-07-25,105052.49082813805,566.3699951171875,BULL_STRONG
2025-07-28,105052.49082813805,568.1400146484375,BULL_STRONG
2025-07-29,105052.49082813805,567.260009765625,BULL_STRONG
2025-07-30,105052.49082813805,568.02001953125,BULL_STRONG
2025-07-31,105052.49082813805,565.010009765625,BULL_STRONG
2025-08-01,105052.49082813805,553.8800048828125,BULL_STRONG
2025-08-04,105052.49082813805,564.0999755859375,BULL_STRONG
2025-08-05,105052.49082813805,560.27001953125,BULL_STRONG
2025-08-06,105052.49082813805,567.3200073242188,BULL_STRONG
2025-08-07,105052.49082813805,569.239990234375,BULL_STRONG
2025-08-08,105052.49082813805,574.5499877929688,BULL_STRONG
2025-08-11,105052.49082813805,572.8499755859375,BULL_STRONG
2025-08-12,105052.49082813805,580.0499877929688,BULL_STRONG
2025-08-13,105052.49082813805,580.3400268554688,BULL_STRONG
2025-08-14,105052.49082813805,579.8900146484375,BULL_STRONG
2025-08-15,105052.49082813805,577.3400268554688,BULL_STRONG
2025-08-18,105052.49082813805,577.1099853515625,BULL_STRONG
2025-08-19,105052.49082813805,569.280029296875,BULL_STRONG
2025-08-20,105052.49082813805,565.9000244140625,BULL_STRONG
2025-08-21,105052.49082813805,563.280029296875,BULL_STRONG
2025-08-22,105052.49082813805,571.969970703125,BULL_STRONG
2025-08-25,105052.49082813805,570.3200073242188,BULL_STRONG
2025-08-26,105052.49082813805,572.6099853515625,BULL_STRONG
2025-08-27,105052.49082813805,573.489990234375,BULL_STRONG
2025-08-28,105052.49082813805,577.0800170898438,BULL_STRONG
2025-08-29,105052.49082813805,570.4000244140625,BULL_STRONG
2025-09-02,104960.75294469333,565.6199951171875,BULL_STRONG
2025-09-03,105399.45659465934,570.0700073242188,BULL_STRONG
2025-09-04,105924.53483894563,575.22998046875,BULL_STRONG
2025-09-05,105953.21487269923,576.0599975585938,BULL_STRONG
2025-09-08,106403.14618922325,578.8699951171875,BULL_STRONG
2025-09-09,106673.53711076589,580.510009765625,BULL_STRONG
2025-09-10,106774.60775902806,580.7000122070312,BULL_STRONG
2025-09-11,107185.46503750003,584.0800170898438,BULL_STRONG
2025-09-12,107654.16628638007,586.6599731445312,BULL_STRONG
2025-09-15,108755.29586766215,591.6799926757812,BULL_STRONG
2025-09-16,108834.31599157304,591.1799926757812,BULL_STRONG
2025-09-17,108406.23193389572,590.0,BULL_STRONG
2025-09-18,109361.29792313828,595.3200073242188,BULL_STRONG
2025-09-19,110018.7153266693,599.3499755859375,BULL_STRONG
2025-09-22,110641.87146592388,602.2000122070312,BULL_STRONG
2025-09-23,110042.3152214028,598.2000122070312,BULL_STRONG
2025-09-24,109528.98810156186,596.0999755859375,BULL_STRONG
2025-09-25,109225.81469181809,593.530029296875,BULL_STRONG
2025-09-26,109245.7149474338,595.969970703125,BULL_STRONG
2025-09-29,109922.10910155503,598.72998046875,BULL_STRONG
2025-09-30,110235.53681233276,600.3699951171875,BULL_STRONG
2025-10-01,110750.40535679665,603.25,BULL_STRONG
2025-10-02,111279.16957753352,605.72998046875,BULL_STRONG
2025-10-03,110810.4798570067,603.1799926757812,BULL_STRONG
2025-10-06,111528.42097912502,607.7100219726562,BULL_STRONG
2025-10-07,111138.2793809656,604.510009765625,BULL_STRONG
2025-10-08,112160.0831942354,611.4400024414062,BULL_STRONG
2025-10-09,112046.35599669209,610.7000122070312,BULL_STRONG
2025-10-10,109409.37613102589,589.5,BULL_STRONG
2025-10-13,110769.97746099804,602.010009765625,BULL_STRONG
2025-10-14,110539.7625405792,598.0,BULL_MODERATE
2025-10-15,111080.33990873891,602.219970703125,BULL_MODERATE
2025-10-16,110914.9463338704,599.989990234375,BULL_MODERATE
2025-10-17,111599.51582295723,603.9299926757812,BULL_MODERATE
2025-10-20,112318.06869390383,611.5399780273438,BULL_MODERATE
2025-10-21,112528.08258637795,611.3800048828125,BULL_MODERATE
2025-10-22,111516.0190788434,605.489990234375,BULL_MODERATE
2025-10-23,112346.97133005387,610.5800170898438,BULL_MODERATE
2025-10-24,113114.30185689044,617.0999755859375,BULL_STRONG
2025-10-27,114431.2580993285,628.0900268554688,BULL_STRONG
2025-10-28,115445.97146151954,632.9199829101562,BULL_STRONG
2025-10-29,116069.54689670063,635.77001953125,BULL_STRONG
2025-10-30,114241.10470795461,626.0499877929688,BULL_STRONG
2025-10-31,114873.67186811962,629.0700073242188,BULL_STRONG
2025-11-03,115387.68649266749,632.0800170898438,BULL_STRONG
2025-11-04,113123.81380052774,619.25,BULL_STRONG
2025-11-05,113656.67687973348,623.280029296875,BULL_STRONG
2025-11-06,111793.9161710146,611.6699829101562,BULL_STRONG
2025-11-07,111323.18815583605,609.739990234375,BULL_STRONG
2025-11-10,113707.57896880698,623.22998046875,BULL_MODERATE
2025-11-11,113578.43764151582,621.5700073242188,BULL_MODERATE
2025-11-12,113607.75320468195,621.0800170898438,BULL_MODERATE
2025-11-13,111670.98289367887,608.4000244140625,BULL_MODERATE
2025-11-14,111734.19897251113,608.8599853515625,BULL_MODERATE
2025-11-17,111367.81106330108,603.6599731445312,BULL_MODERATE
2025-11-18,111037.73438799656,596.3099975585938,BULL_MODERATE
2025-11-19,111290.88501954664,599.8699951171875,BULL_MODERATE
2025-11-20,107331.74728526673,585.6699829101562,BULL_MODERATE
2025-11-21,109270.23413953466,590.0700073242188,BULL_MODERATE
2025-11-24,111279.14901262595,605.1599731445312,BULL_MODERATE
2025-11-25,111997.05455873217,608.8900146484375,BULL_MODERATE
2025-11-26,113655.05913339462,614.27001953125,BULL_MODERATE
2025-11-28,114590.44118956492,619.25,BULL_MODERATE
2025-12-01,114575.92797955005,617.1699829101562,BULL_MODERATE
2025-12-02,115545.86251099875,622.0,BULL_MODERATE
2025-12-03,115738.30971947114,623.52001953125,BULL_MODERATE
2025-12-04,115518.63613643567,622.9400024414062,BULL_MODERATE
2025-12-05,116079.9964370629,625.47998046875,BULL_STRONG
2025-12-08,116445.58192566136,624.280029296875,BULL_STRONG
2025-12-09,116803.42700184378,625.0499877929688,BULL_STRONG
2025-12-10,117658.00132325942,627.6099853515625,BULL_STRONG
2025-12-11,117260.322253877,625.5800170898438,BULL_STRONG
2025-12-12,114099.14676214477,613.6199951171875,BULL_STRONG
2025-12-15,113750.63636545722,610.5399780273438,BULL_STRONG
2025-12-16,114227.47514986809,611.75,BULL_STRONG
2025-12-17,111436.84936775974,600.4099731445312,BULL_STRONG
2025-12-18,113113.84885071134,609.1099853515625,BULL_STRONG
2025-12-19,114589.68632181207,617.0499877929688,BULL_STRONG
2025-12-22,115102.23102057546,619.2100219726562,BULL_STRONG
2025-12-23,115911.49111248476,622.1099853515625,BULL_STRONG
2025-12-24,116346.35597689167,623.9299926757812,BULL_STRONG
2025-12-26,116442.88152113727,623.8900146484375,BULL_STRONG
2025-12-29,116005.14602481846,620.8699951171875,BULL_STRONG
2025-12-30,115695.19703097838,619.4299926757812,BULL_STRONG
2025-12-31,114469.57750697162,614.3099975585938,BULL_STRONG
2026-01-02,114131.88912235477,613.1199951171875,BULL_STRONG
2026-01-05,115546.55602799934,617.989990234375,BULL_STRONG
2026-01-06,116811.98235397084,623.4199829101562,BULL_STRONG
2026-01-07,116793.50215173372,624.02001953125,BULL_STRONG
2026-01-08,115898.54196298405,620.469970703125,BULL_STRONG
2026-01-09,117396.67707151154,626.6500244140625,BULL_STRONG
2026-01-12,117835.3236373504,627.1699829101562,BULL_STRONG
2026-01-13,117894.75661451016,626.239990234375,BULL_STRONG
2026-01-14,116668.43671593732,619.5499877929688,BULL_STRONG
2026-01-15,117045.96232039112,621.780029296875,BULL_STRONG
2026-01-16,116955.95643968017,621.260009765625,BULL_STRONG
2026-01-20,114461.45413051092,608.0599975585938,BULL_STRONG
2026-01-21,116145.59961383714,616.280029296875,BULL_STRONG
2026-01-22,116931.5077443743,620.760009765625,BULL_STRONG
2026-01-23,117150.80270075481,622.719970703125,BULL_STRONG
2026-01-26,118008.96841604193,625.4600219726562,BULL_STRONG
2026-01-27,119464.31271689366,631.1300048828125,BULL_STRONG
2026-01-28,120018.93473707844,633.219970703125,BULL_STRONG
2026-01-29,120453.5410188878,629.4299926757812,BULL_STRONG
2026-01-30,118603.04022661029,621.8699951171875,BULL_STRONG
2026-02-02,119567.94743855539,626.1400146484375,BULL_STRONG
2026-02-03,116940.72403913192,616.52001953125,BULL_STRONG
2026-02-04,113972.25770930345,605.75,BULL_STRONG
2026-02-05,113084.72654153012,597.030029296875,BULL_STRONG
2026-02-06,115562.73850832283,609.6500244140625,BULL_STRONG
2026-02-09,116569.44535060173,614.3200073242188,BULL_STRONG
2026-02-10,116104.23241810044,611.469970703125,BULL_STRONG
2026-02-11,116522.97886051131,613.1099853515625,BULL_STRONG
2026-02-12,113975.8115704252,600.6400146484375,BULL_STRONG
2026-02-13,114237.57142434377,601.9199829101562,BULL_STRONG
2026-02-17,113686.51532133072,601.2999877929688,BULL_STRONG
2026-02-18,114815.3502638942,605.7899780273438,BULL_MODERATE
2026-02-19,114463.50918508843,603.469970703125,BULL_MODERATE
2026-02-20,115520.65597733005,608.8099975585938,BULL_MODERATE
2026-02-23,114424.68755258943,601.4099731445312,BULL_MODERATE
2026-02-24,115604.18457082627,607.8699951171875,BULL_MODERATE
2026-02-25,118012.02549142999,616.6799926757812,BULL_MODERATE
2026-02-26,115945.0708084367,609.239990234375,BULL_MODERATE
2026-02-27,115846.27739410124,607.2899780273438,BULL_MODERATE
2026-03-02,116801.27418316288,608.0900268554688,BULL_MODERATE
2026-03-03,116628.52762405775,601.5800170898438,BULL_MODERATE
2026-03-04,118029.06890678094,610.75,BULL_MODERATE
2026-03-05,118600.84016949548,608.9099731445312,BULL_MODERATE
2026-03-06,117066.9954438101,599.75,BULL_MODERATE
2026-03-09,118631.15418382989,607.760009765625,BULL_MODERATE
2026-03-10,120113.70355048902,607.77001953125,BULL_MODERATE
2026-03-11,119640.43410676425,607.6900024414062,BULL_MODERATE
2026-03-12,116531.45676048766,597.260009765625,BULL_MODERATE
2026-03-13,115607.6324094447,593.719970703125,BULL_MODERATE
2026-03-16,117524.27955900032,600.3800048828125,BULL_MODERATE
2026-03-17,117860.80355694184,603.3099975585938,BULL_MODERATE
2026-03-18,115238.47358610014,594.9000244140625,BULL_MODERATE
2026-03-19,116137.97543922657,593.02001953125,BULL_MODERATE
2026-03-20,112850.63280548436,582.0599975585938,BULL_MODERATE
2026-03-23,114202.7506498022,588.0,BULL_MODERATE
2026-03-24,113633.47616414867,583.97998046875,BEAR_SMA_FORCED
2026-03-25,113947.75362128043,587.8200073242188,BEAR_SMA_FORCED
2026-03-26,110998.85118624399,573.7899780273438,BEAR_SMA_FORCED
2026-03-27,109968.80831949254,562.5800170898438,BEAR_SMA_FORCED
2026-03-30,108349.48185859408,558.280029296875,BEAR_SMA_FORCED
2026-03-31,111318.80717657118,577.1799926757812,BEAR_SMA_FORCED
2026-04-01,114616.31985611249,584.3099975585938,BEAR_SMA_FORCED
2026-04-02,114503.57861273004,584.97998046875,BEAR_SMA_FORCED
2026-04-06,115765.53631870684,588.5,BEAR_SMA_FORCED
2026-04-07,115449.73925131619,588.5900268554688,BEAR_SMA_FORCED
2026-04-08,120006.90911595609,606.0900268554688,BEAR_SMA_FORCED
2026-04-09,121082.56890809107,610.1900024414062,BEAR_SMA_FORCED
2026-04-10,121252.45276547995,611.0700073242188,BULL_MODERATE
2026-04-13,123431.87862989245,617.3900146484375,BULL_MODERATE
2026-04-14,127253.57342994263,628.5999755859375,BULL_MODERATE
2026-04-15,130460.8313464031,637.4000244140625,BULL_MODERATE
2026-04-16,131926.20214866626,640.469970703125,BULL_MODERATE
2026-04-17,134878.1436785257,648.8499755859375,BULL_MODERATE
2026-04-20,134097.21648332858,646.7899780273438,BULL_MODERATE
2026-04-21,133362.9830285345,644.3300170898438,BULL_MODERATE
2026-04-22,137213.0022257207,655.1099853515625,BULL_MODERATE
2026-04-23,135913.20417726974,651.4199829101562,BULL_MODERATE
2026-04-24,140443.49471555455,663.8800048828125,BULL_MODERATE
2026-04-27,140298.99858671796,664.22998046875,BULL_MODERATE
2026-04-28,138763.3797811324,657.5499877929688,BULL_MODERATE
2026-04-29,140203.66825541906,661.5700073242188,BULL_MODERATE
2026-04-30,142798.54443959758,667.739990234375,BULL_MODERATE
2026-05-01,144660.83843100548,674.1500244140625,BULL_STRONG
2026-05-04,144207.32060035178,672.8800048828125,BULL_STRONG
2026-05-05,146917.66233000698,681.6099853515625,BULL_STRONG
2026-05-06,150965.8258821012,695.77001953125,BULL_STRONG
2026-05-07,150550.99700133965,694.9400024414062,BULL_STRONG
2026-05-08,156912.11974104366,711.22998046875,BULL_STRONG
2026-05-11,157668.69944417424,713.2899780273438,BULL_STRONG
2026-05-12,155427.53487994807,707.239990234375,BULL_STRONG
2026-05-13,158294.46673578522,714.7100219726562,BULL_STRONG
2026-05-14,160139.41935750723,719.7899780273438,BULL_STRONG
2026-05-15,155866.01966505434,708.9299926757812,BULL_STRONG
2026-05-18,154683.4193381035,705.8800048828125,BULL_STRONG
2026-05-19,152801.82821556774,701.530029296875,BULL_STRONG
2026-05-20,157397.52340356744,713.1500244140625,BULL_STRONG
2026-05-21,157825.17678341616,714.510009765625,BULL_STRONG
2026-05-22,158989.40917290663,717.5399780273438,BULL_STRONG
2026-05-26,163961.28059061043,730.280029296875,BULL_STRONG
2026-05-27,163524.76458873742,729.4500122070312,BULL_STRONG
2026-05-28,165883.82782969117,735.5999755859375,BULL_STRONG
2026-05-29,166897.83338252618,738.3099975585938,BULL_STRONG
2026-06-01,168693.7387791874,742.739990234375,BULL_STRONG
2026-06-02,170002.46274925777,746.1599731445312,BULL_STRONG
2026-06-03,169239.42057097494,744.2100219726562,BULL_STRONG
2026-06-04,167731.45399062597,740.6099853515625,BULL_STRONG
2026-06-05,158323.58905461387,705.0599975585938,BULL_STRONG
2026-06-08,159884.21802695765,716.0700073242188,BULL_STRONG
2026-06-09,158459.43137992904,707.8300170898438,BULL_MODERATE
2026-06-10,156301.96856577348,693.6900024414062,BULL_MODERATE
2026-06-11,160123.20374558953,717.1199951171875,BULL_MODERATE
2026-06-12,160827.61977111822,721.3400268554688,BULL_MODERATE
2026-06-15,165033.4544850108,744.0,BULL_MODERATE
2026-06-16,162280.7922969765,729.8599853515625,BULL_MODERATE
2026-06-17,160960.14784853839,722.510009765625,BULL_MODERATE
2026-06-18,164386.84135279205,740.6199951171875,BULL_MODERATE
2026-06-22,163925.180927772,737.9500122070312,BULL_MODERATE
2026-06-23,159355.46595248242,713.6500244140625,BULL_MODERATE
2026-06-24,158631.1248504642,710.6199951171875,BULL_MODERATE
2026-06-25,159757.54043829438,716.3800048828125,BULL_MODERATE
2026-06-26,157762.05632110886,706.52001953125,BULL_MODERATE
2026-06-29,161184.2012213036,724.0800170898438,BULL_MODERATE
2026-06-30,163483.1766404616,736.4000244140625,BULL_MODERATE
2026-07-01,161260.7983164519,725.1699829101562,BULL_MODERATE
2026-07-02,158722.58173078927,712.5999755859375,BULL_MODERATE
2026-07-06,160637.2668909807,722.8200073242188,BULL_MODERATE
2026-07-07,158086.16355233756,709.4299926757812,BULL_MODERATE
2026-07-08,158553.62537594582,711.4400024414062,BULL_MODERATE
2026-07-09,160709.55342518192,723.280029296875,BULL_MODERATE
2026-07-10,161084.95396154115,725.510009765625,BULL_MODERATE
2026-07-13,158584.23304446976,711.739990234375,BULL_MODERATE
2026-07-14,160023.09359584114,719.6900024414062,BULL_MODERATE
2026-07-15,159542.6464980696,717.739990234375,BULL_MODERATE
2026-07-16,157343.61500974515,705.9400024414062,BULL_MODERATE
2026-07-17,155403.79148332877,695.3300170898438,BULL_MODERATE
2026-07-20,155584.23692840955,696.0599975585938,BULL_MODERATE
2026-07-21,157619.05808330796,708.969970703125,BULL_MODERATE
2026-07-22,157185.51165422445,705.3499755859375,BULL_MODERATE
2026-07-23,155116.35652325136,691.9600219726562,BULL_MODERATE
2026-07-24,153806.25303330662,684.22998046875,BULL_MODERATE
2026-07-27,153583.88511971297,682.1199951171875,BULL_MODERATE
2026-07-28,152457.62359664237,675.489990234375,BULL_MODERATE
2026-07-29,150094.68660898207,661.72998046875,BULL_MODERATE
2026-07-30,154228.58615812735,683.5499877929688,BULL_MODERATE
2026-07-31,154738.15051059474,687.989990234375,BULL_MODERATE
2026-08-03,158962.98477514862,700.0700073242188,BULL_MODERATE
2026-08-04,168131.94202670341,723.8499755859375,BULL_MODERATE
2026-08-05,165245.8917569099,717.2999877929688,BULL_MODERATE
2026-08-06,163855.03101782777,714.6500244140625,BULL_MODERATE
2026-08-07,166766.01047556315,723.030029296875,BULL_MODERATE
2026-08-10,166206.80417972166,720.8699951171875,BULL_MODERATE
2026-08-11,165199.12531366185,718.4500122070312,BULL_MODERATE
2026-08-12,166691.19432004518,723.7000122070312,BULL_MODERATE
2026-08-13,169853.88902903945,732.0700073242188,BULL_MODERATE
2026-08-14,169249.41363915312,731.0700073242188,BULL_MODERATE
