ts,ml_confidence
2018-01-02,0.495
2018-01-03,0.4949992153902746
2018-01-04,0.4949967051704991
2018-01-05,0.494980570362871
2018-01-08,0.5228195286839531
2018-01-09,0.5214140466056154
2018-01-10,0.5198575521318174
2018-01-11,0.5173447261068308
2018-01-12,0.5128481559530805
2018-01-16,0.4968663371153269
2018-01-17,0.4767031028863546
2018-01-18,0.46978836407300106
2018-01-19,0.4833014018825715
2018-01-22,0.39128921989553156
2018-01-23,0.36275493914739504
2018-01-24,0.3426795019620929
2018-01-25,0.3331326249505043
2018-01-26,0.30330314743324305
2018-01-29,0.2608285546800071
2018-01-30,0.262136501566269
2018-01-31,0.4464254324787592
2018-02-01,0.4820367217320588
2018-02-02,0.4469280826285791
2018-02-05,0.25118052948340674
2018-02-06,0.2167271631233421
2018-02-07,0.1955914964075163
2018-02-08,0.18224684614419306
2018-02-09,0.15388079768465837
2018-02-12,0.1353044405572448
2018-02-13,0.15936978910660546
2018-02-14,0.31389717249665616
2018-02-15,0.33731676126939764
2018-02-16,0.3347126246202417
2018-02-20,0.32176168864411214
2018-02-21,0.3484849019746123
2018-02-22,0.35817838293441157
2018-02-23,0.3724548676483906
2018-02-26,0.3553106597706999
2018-02-27,0.3492967863747678
2018-02-28,0.3305123238603941
2018-03-01,0.2722597177128803
2018-03-02,0.31312825802478933
2018-03-05,0.322616931777817
2018-03-06,0.33375766162581105
2018-03-07,0.3492263416396375
2018-03-08,0.38319869441968873
2018-03-09,0.3969028638833114
2018-03-12,0.3949161840794695
2018-03-13,0.3989508774973499
2018-03-14,0.4046850976386555
2018-03-15,0.4335768383819495
2018-03-16,0.46659137531266254
2018-03-19,0.4268456266523142
2018-03-20,0.41881373803831523
2018-03-21,0.40681734935398184
2018-03-22,0.38752724173068703
2018-03-23,0.4029341001910583
2018-03-26,0.355585375880884
2018-03-27,0.3597866483351164
2018-03-28,0.3633505220463553
2018-03-29,0.40853034017420536
2018-04-02,0.3764751352448445
2018-04-03,0.39195122513179553
2018-04-04,0.40114202730037396
2018-04-05,0.41468661898791154
2018-04-06,0.38469199838914286
2018-04-09,0.36833054443028973
2018-04-10,0.3739905578820642
2018-04-11,0.3802127069865751
2018-04-12,0.38847874391187687
2018-04-13,0.3988852985869366
2018-04-16,0.42622381240884594
2018-04-17,0.41723910412540866
2018-04-18,0.3950863929905867
2018-04-19,0.4065683864833857
2018-04-20,0.38165989587985416
2018-04-23,0.39565456652517095
2018-04-24,0.3887511564850952
2018-04-25,0.395533253544334
2018-04-26,0.3870345126584562
2018-04-27,0.4135539498716311
2018-04-30,0.42318671981872014
2018-05-01,0.4144108026494023
2018-05-02,0.4243633430075557
2018-05-03,0.4184758604788732
2018-05-04,0.44319195150633417
2018-05-07,0.45650634883830715
2018-05-08,0.4576951652092106
2018-05-09,0.460187667115718
2018-05-10,0.4373308315260763
2018-05-11,0.4372012983460063
2018-05-14,0.400582868722693
2018-05-15,0.38180317154046645
2018-05-16,0.41593938486250376
2018-05-17,0.41720260615791005
2018-05-18,0.42087628488030254
2018-05-21,0.4210780728853953
2018-05-22,0.43294833191732424
2018-05-23,0.4326733606641861
2018-05-24,0.6540803434552606
2018-05-25,0.6585768445498072
2018-05-29,0.6675812216184062
2018-05-30,0.6799166746154172
2018-05-31,0.7045735421724294
2018-06-01,0.6691193893886951
2018-06-04,0.6840392034654873
2018-06-05,0.6595197080073127
2018-06-06,0.6485050294856355
2018-06-07,0.661624169918497
2018-06-08,0.6617113738224926
2018-06-11,0.6677532783197678
2018-06-12,0.6608735069267611
2018-06-13,0.7065716269156451
2018-06-14,0.6807333742629806
2018-06-15,0.6847773184663699
2018-06-18,0.6950951385264336
2018-06-19,0.7172177150183235
2018-06-20,0.7053099182916369
2018-06-21,0.7202263664417398
2018-06-22,0.7385586744750422
2018-06-25,0.6866267579972355
2018-06-26,0.6889718219813928
2018-06-27,0.6704965200724576
2018-06-28,0.6493255264749918
2018-06-29,0.6652998963903878
2018-07-02,0.6709281089457663
2018-07-03,0.6723759806105708
2018-07-05,0.6614554710062648
2018-07-06,0.6378271615987293
2018-07-09,0.6330054974307635
2018-07-10,0.6336129002150998
2018-07-11,0.6334829752549475
2018-07-12,0.6278041147544144
2018-07-13,0.6281194750070096
2018-07-16,0.6038169027991114
2018-07-17,0.6064888038274452
2018-07-18,0.5899859670113682
2018-07-19,0.6007389640139157
2018-07-20,0.6018396996326075
2018-07-23,0.6042499326634427
2018-07-24,0.6019566062346139
2018-07-25,0.593274710171912
2018-07-26,0.6245382870910069
2018-07-27,0.6517610362884726
2018-07-30,0.6413161759296291
2018-07-31,0.6559243527809404
2018-08-01,0.6696200388459373
2018-08-02,0.6583976591491878
2018-08-03,0.6557913517993821
2018-08-06,0.659444346338874
2018-08-07,0.656180413947498
2018-08-08,0.6511217632999403
2018-08-09,0.6493266326616278
2018-08-10,0.6745517801459978
2018-08-13,0.670326171168364
2018-08-14,0.6833895112153624
2018-08-15,0.6599765817735466
2018-08-16,0.6461095890201447
2018-08-17,0.6121338597684827
2018-08-20,0.6228295541065272
2018-08-21,0.6279080044025723
2018-08-22,0.6486638995434248
2018-08-23,0.6807369609419321
2018-08-24,0.6834670916140878
2018-08-27,0.7064220871478774
2018-08-28,0.7177564091363954
2018-08-29,0.6840460320215581
2018-08-30,0.7149134757014024
2018-08-31,0.7013123694681594
2018-09-04,0.7201455624640913
2018-09-05,0.6962112218120668
2018-09-06,0.7010630581209555
2018-09-07,0.710211488096101
2018-09-10,0.7142172862603209
2018-09-11,0.6912645007654481
2018-09-12,0.7023978513548551
2018-09-13,0.6891952902210063
2018-09-14,0.6975624677072172
2018-09-17,0.7072264762035092
2018-09-18,0.6965311863746326
2018-09-19,0.7018905647603423
2018-09-20,0.677477942671025
2018-09-21,0.6809174601874473
2018-09-24,0.6903885963860333
2018-09-25,0.6870792901739122
2018-09-26,0.67884513842142
2018-09-27,0.6630452803262709
2018-09-28,0.6623174235094886
2018-10-01,0.6663066448783973
2018-10-02,0.6669187555294576
2018-10-03,0.6954689900897189
2018-10-04,0.7016505278616605
2018-10-05,0.6797962696966224
2018-10-08,0.6844746340650597
2018-10-09,0.6772176240815181
2018-10-10,0.4065390229709517
2018-10-11,0.4101776109325427
2018-10-12,0.33647305986062975
2018-10-15,0.3467176728233311
2018-10-16,0.45587537271722295
2018-10-17,0.48804014016913977
2018-10-18,0.4749662234335647
2018-10-19,0.48538325035932406
2018-10-22,0.4959778516211709
2018-10-23,0.475650937628757
2018-10-24,0.3190182567257856
2018-10-25,0.2974232250505211
2018-10-26,0.3161326883758373
2018-10-29,0.32189885398718665
2018-10-30,0.315581500412785
2018-10-31,0.3344571135306317
2018-11-01,0.37465988686805074
2018-11-02,0.382947614285623
2018-11-05,0.38821329801707855
2018-11-06,0.369905418806442
2018-11-07,0.5059179296463381
2018-11-08,0.49838286387923914
2018-11-09,0.4094964728630341
2018-11-12,0.3687409276543857
2018-11-13,0.3695032884625981
2018-11-14,0.37394103840990633
2018-11-15,0.3646543050840882
2018-11-16,0.38461417042289164
2018-11-19,0.39059066517417257
2018-11-20,0.3824867965555348
2018-11-21,0.41503566765342387
2018-11-23,0.40421198774910233
2018-11-26,0.4230827216044101
2018-11-27,0.41790274351724627
2018-11-28,0.42227377212115563
2018-11-29,0.42021029342337857
2018-11-30,0.4114768360922841
2018-12-03,0.41003534991604673
2018-12-04,0.37507641278096665
2018-12-06,0.35694831192796833
2018-12-07,0.3527492439762766
2018-12-10,0.34294606006973405
2018-12-11,0.3333980440073356
2018-12-12,0.3219038304049147
2018-12-13,0.34450964399224987
2018-12-14,0.34624867607386145
2018-12-17,0.32926248443977807
2018-12-18,0.31150629519727624
2018-12-19,0.33829399449207503
2018-12-20,0.29046506486144014
2018-12-21,0.18075975196890898
2018-12-24,0.19167356094453103
2018-12-26,0.13651617793110582
2018-12-27,0.14394145672671163
2018-12-28,0.1449577954540645
2018-12-31,0.17985056305816788
2019-01-02,0.23283876884412266
2019-01-03,0.22044631828320319
2019-01-04,0.2516355577587623
2019-01-07,0.2621440868132737
2019-01-08,0.344790677754824
2019-01-09,0.394103490464757
2019-01-10,0.40282340693686636
2019-01-11,0.4189859264456144
2019-01-14,0.3852958296739847
2019-01-15,0.35690272048809646
2019-01-16,0.36847765439594754
2019-01-17,0.38673975420221784
2019-01-18,0.38017297327815935
2019-01-22,0.35367258942840396
2019-01-23,0.3753672171392337
2019-01-24,0.3526722942176517
2019-01-25,0.3830447805597894
2019-01-28,0.3760446759011017
2019-01-29,0.3876957744476229
2019-01-30,0.3927788696447182
2019-01-31,0.39511524887664456
2019-02-01,0.4055927604370423
2019-02-04,0.5728848592711082
2019-02-05,0.5799689342963379
2019-02-06,0.5845127647086558
2019-02-07,0.5843256773609343
2019-02-08,0.6016541875101922
2019-02-11,0.5741405884215303
2019-02-12,0.5744405129134244
2019-02-13,0.5731685022518034
2019-02-14,0.5714394717371688
2019-02-15,0.6726315166482353
2019-02-19,0.6586427063871079
2019-02-20,0.6910168192938382
2019-02-21,0.6111245172454944
2019-02-22,0.7097892585591178
2019-02-25,0.6984931970290771
2019-02-26,0.7263779875120747
2019-02-27,0.7339493547475322
2019-02-28,0.7561374913609932
2019-03-01,0.7794455220006449
2019-03-04,0.7836624138220067
2019-03-05,0.7806543325610794
2019-03-06,0.7830153764652932
2019-03-07,0.7051716344227974
2019-03-08,0.7305889156798113
2019-03-11,0.7911867398640837
2019-03-12,0.7902679628526895
2019-03-13,0.7983606770951848
2019-03-14,0.8108487287202089
2019-03-15,0.7993164609062929
2019-03-18,0.8033812028530796
2019-03-19,0.8044803235440244
2019-03-20,0.7953801688934015
2019-03-21,0.7674889112660808
2019-03-22,0.736251521002371
2019-03-25,0.7368139141059801
2019-03-26,0.7272523204553093
2019-03-27,0.7098584392570926
2019-03-28,0.7057079288543333
2019-03-29,0.718510484062071
2019-04-01,0.7079017288751451
2019-04-02,0.7107291030013497
2019-04-03,0.6986093562668464
2019-04-04,0.7168769099832097
2019-04-05,0.7089402869552142
2019-04-08,0.7319511371235216
2019-04-09,0.7323374331948458
2019-04-10,0.7424148648948006
2019-04-11,0.6972285927380709
2019-04-12,0.6812282919393878
2019-04-15,0.6871414028225005
2019-04-16,0.6861071266333562
2019-04-17,0.6922457566976115
2019-04-18,0.7033897995663548
2019-04-22,0.7909908756749868
2019-04-23,0.7992357999024575
2019-04-24,0.8013316645700921
2019-04-25,0.8116392402144252
2019-04-26,0.8259769910699951
2019-04-29,0.8276930829802336
2019-04-30,0.8369159686486285
2019-05-01,0.8186401858197486
2019-05-02,0.8319564573385962
2019-05-03,0.8336602493090283
2019-05-06,0.803920808514162
2019-05-07,0.7726628247748075
2019-05-08,0.767242320018312
2019-05-09,0.764943592709882
2019-05-10,0.7847586073077712
2019-05-13,0.7214490830036904
2019-05-14,0.7004004519272786
2019-05-15,0.6950276512333464
2019-05-16,0.7066343451499169
2019-05-17,0.6963317878895252
2019-05-20,0.7052017876445461
2019-05-21,0.721774594177972
2019-05-22,0.7325831929811266
2019-05-23,0.7165994250047305
2019-05-24,0.7359144174620695
2019-05-28,0.6972434871846647
2019-05-29,0.5183640072855951
2019-05-30,0.7011256086471559
2019-05-31,0.4129968388698005
2019-06-03,0.40045880604857187
2019-06-04,0.5065701216622216
2019-06-05,0.5315196964820967
2019-06-06,0.7152340375058056
2019-06-07,0.6895312186478563
2019-06-10,0.6802694067104662
2019-06-11,0.6872975468950805
2019-06-12,0.694432080459852
2019-06-13,0.6774604472407438
2019-06-14,0.696620238300776
2019-06-17,0.6904463567769016
2019-06-18,0.6800553808599242
2019-06-19,0.7000427105075272
2019-06-20,0.6633962386719866
2019-06-21,0.6500295565928104
2019-06-24,0.6477298716177897
2019-06-25,0.6481916505909068
2019-06-26,0.6472413236362282
2019-06-27,0.6608031108964791
2019-06-28,0.6736033819442165
2019-07-01,0.6847524548787294
2019-07-02,0.7134353973849911
2019-07-03,0.7132652456091388
2019-07-05,0.7064375178865182
2019-07-08,0.7360725423399557
2019-07-09,0.7493273422100578
2019-07-10,0.7443262475751469
2019-07-11,0.7578688405213743
2019-07-12,0.7416451695334809
2019-07-15,0.7443563516550891
2019-07-16,0.718213910500503
2019-07-17,0.7522489307357042
2019-07-18,0.756390689226014
2019-07-19,0.7634364980398305
2019-07-22,0.7699092398713316
2019-07-23,0.7546709076155376
2019-07-24,0.8034021297804284
2019-07-25,0.8059071278377248
2019-07-26,0.7685550448559209
2019-07-29,0.7879419299161828
2019-07-30,0.831634500542427
2019-07-31,0.8093648772865492
2019-08-01,0.8078286701704014
2019-08-02,0.8158582839002767
2019-08-05,0.5548508737287675
2019-08-06,0.5132725402993807
2019-08-07,0.5134761426421977
2019-08-08,0.6616285672455106
2019-08-09,0.6601300895718735
2019-08-12,0.48840753366959494
2019-08-13,0.6872809838756389
2019-08-14,0.46054367313757716
2019-08-15,0.4779963019157219
2019-08-16,0.5100169315508037
2019-08-19,0.7004585290191278
2019-08-20,0.6915957945612246
2019-08-21,0.7181540919747459
2019-08-22,0.7020289391531234
2019-08-23,0.4772389356489263
2019-08-26,0.47859864865226837
2019-08-27,0.4735639511907375
2019-08-28,0.49462010129475115
2019-08-29,0.6762276945767602
2019-08-30,0.6479032737220545
2019-09-03,0.48139134209167067
2019-09-04,0.6664657436394505
2019-09-05,0.6721396481759572
2019-09-06,0.705037298092039
2019-09-09,0.718062593080586
2019-09-10,0.713172658422132
2019-09-11,0.7163601928520604
2019-09-12,0.7123018362442539
2019-09-13,0.6778593146740926
2019-09-16,0.6905712162893295
2019-09-17,0.6850111382449634
2019-09-18,0.6897103517324255
2019-09-19,0.7000851694605756
2019-09-20,0.7091884014060631
2019-09-23,0.751227340839703
2019-09-24,0.7862177325478821
2019-09-25,0.8013941737853297
2019-09-26,0.810305413238108
2019-09-27,0.8260965641211474
2019-09-30,0.7969706477562839
2019-10-01,0.8144598996912449
2019-10-02,0.6498252891177748
2019-10-03,0.6481617274347685
2019-10-04,0.7854286411350898
2019-10-07,0.7834701720044761
2019-10-08,0.5950740488860062
2019-10-09,0.769606341042586
2019-10-10,0.7535235323987625
2019-10-11,0.7411194550901967
2019-10-14,0.7343205736330398
2019-10-15,0.738250690033948
2019-10-16,0.7387133916156385
2019-10-17,0.7255399104675005
2019-10-18,0.7411348310261352
2019-10-21,0.7266628550275307
2019-10-22,0.7105322652085857
2019-10-23,0.7190974613286694
2019-10-24,0.722197381855051
2019-10-25,0.7151012876424293
2019-10-28,0.686574036122449
2019-10-29,0.7025503353855114
2019-10-30,0.7073067252611993
2019-10-31,0.7296608915782881
2019-11-01,0.7195230149468699
2019-11-04,0.7312829332511497
2019-11-05,0.7649143462741934
2019-11-06,0.7649397000250172
2019-11-07,0.7503813361824387
2019-11-08,0.7589026934177456
2019-11-11,0.7622626340117897
2019-11-12,0.7823064383215196
2019-11-13,0.7901424418204338
2019-11-14,0.7938332491975313
2019-11-15,0.8040077365427925
2019-11-18,0.8094055550477993
2019-11-19,0.8090784944181505
2019-11-20,0.8170143773277907
2019-11-21,0.8383089637526545
2019-11-22,0.8545148548802737
2019-11-25,0.8394712789366418
2019-11-26,0.83538257226255
2019-11-27,0.8352935654820154
2019-11-29,0.8553451999391268
2019-12-02,0.8592139371610037
2019-12-03,0.8603180770152736
2019-12-04,0.8714721848552449
2019-12-05,0.8641639925899678
2019-12-06,0.859377036968774
2019-12-09,0.8326536272014471
2019-12-10,0.8374083054853106
2019-12-11,0.8405196440016663
2019-12-12,0.8329470504361619
2019-12-13,0.8073420522896386
2019-12-16,0.7947300534182435
2019-12-17,0.799875816213325
2019-12-18,0.8118456625876681
2019-12-19,0.8025060612396875
2019-12-20,0.780496699859122
2019-12-23,0.7804429914506994
2019-12-24,0.7994538841085521
2019-12-26,0.7865623169196222
2019-12-27,0.804125499287672
2019-12-30,0.789403377718969
2019-12-31,0.8040716866335296
2020-01-02,0.8000390322195671
2020-01-03,0.802316757241244
2020-01-06,0.8000607997208785
2020-01-07,0.8220292795851245
2020-01-08,0.8162484333200969
2020-01-09,0.7915193614855445
2020-01-10,0.7954899285148614
2020-01-13,0.7772909389745877
2020-01-14,0.7782723697131774
2020-01-15,0.7881863502423454
2020-01-16,0.7799839959172143
2020-01-17,0.7719413629322197
2020-01-21,0.7735688901481319
2020-01-22,0.7748367759024046
2020-01-23,0.7818739437760169
2020-01-24,0.7633898169082693
2020-01-27,0.7389493309735419
2020-01-28,0.7043696738076883
2020-01-29,0.7060288533020134
2020-01-30,0.7098221016673588
2020-01-31,0.7070735254693127
2020-02-03,0.6985262925275901
2020-02-04,0.6509639765434653
2020-02-05,0.6539430761393982
2020-02-06,0.6525954723712718
2020-02-07,0.6684490106907717
2020-02-10,0.6663735870414899
2020-02-11,0.6684660734382821
2020-02-12,0.6910394710623258
2020-02-13,0.6783107300037543
2020-02-14,0.6681786700815764
2020-02-18,0.647044243406197
2020-02-19,0.6509433196083224
2020-02-20,0.6489969852026114
2020-02-21,0.6323314586380498
2020-02-24,0.6113715401748994
2020-02-25,0.6347275792871552
2020-02-26,0.8622908011419799
2020-02-27,0.8726976464541101
2020-02-28,0.9078082143301306
2020-03-02,0.9330410012966708
2020-03-03,0.9030931543579191
2020-03-04,0.9516765247380972
2020-03-05,0.923183385945554
2020-03-06,0.9155440918594135
2020-03-09,0.17217567791824576
2020-03-10,0.6825140624658963
2020-03-11,0.17217567791824576
2020-03-12,0.8308342818524754
2020-03-13,0.1484977848187482
2020-03-16,0.8308342818524754
2020-03-17,0.8046170703891872
2020-03-18,0.4300232091084791
2020-03-19,0.46698346066799623
2020-03-20,0.8323295049088284
2020-03-23,0.8512131041808997
2020-03-24,0.8512289886160032
2020-03-25,0.8512131041808997
2020-03-26,0.3313946285372581
2020-03-27,0.2906237034084116
2020-03-30,0.393865193750045
2020-03-31,0.4272226240443
2020-04-01,0.5570075897647091
2020-04-02,0.5926346683229807
2020-04-03,0.9245697036281246
2020-04-06,0.8788358154657204
2020-04-07,0.9193091105430204
2020-04-08,0.25032663868578414
2020-04-09,0.16721387319807668
2020-04-13,0.08072084718989307
2020-04-14,0.08816410481148111
2020-04-15,0.0540443992571135
2020-04-16,0.07994653842618303
2020-04-17,0.06980139430696704
2020-04-20,0.36302079041691615
2020-04-21,0.4142649649709049
2020-04-22,0.6129182126116077
2020-04-23,0.39154949127660493
2020-04-24,0.5830614267104395
2020-04-27,0.6293284585427668
2020-04-28,0.6062763104009518
2020-04-29,0.7516793576391076
2020-04-30,0.799716997307042
2020-05-01,0.8498522665475315
2020-05-04,0.9713455378670253
2020-05-05,0.8661455154312142
2020-05-06,0.8340330365768349
2020-05-07,0.880611799801893
2020-05-08,0.609749503921947
2020-05-11,0.6011427973230792
2020-05-12,0.61813860247927
2020-05-13,0.6352775578688493
2020-05-14,0.7857313959188783
2020-05-15,0.7616709994655543
2020-05-18,0.8750814952985749
2020-05-19,0.8554465837962885
2020-05-20,0.7856781903294408
2020-05-21,0.4292459036279658
2020-05-22,0.8554568433396712
2020-05-26,0.8775051243621064
2020-05-27,0.6271273630148513
2020-05-28,0.8565700691916049
2020-05-29,0.649985094092924
2020-06-01,0.865452685326539
2020-06-02,0.6807097703987417
2020-06-03,0.6188517438297813
2020-06-04,0.6529330838168788
2020-06-05,0.6188517438297813
2020-06-08,0.6188517438297813
2020-06-09,0.6282988654114614
2020-06-10,0.7098703023294047
2020-06-11,0.6981322640498268
2020-06-12,0.34411840820805245
2020-06-15,0.48775418261733994
2020-06-16,0.5205689961468086
2020-06-17,0.57682132196903
2020-06-18,0.6623259357622063
2020-06-19,0.7201387255296432
2020-06-22,0.44917702145897564
2020-06-23,0.39245349612596236
2020-06-24,0.6631413599080672
2020-06-25,0.6964471129964631
2020-06-26,0.9640420147853582
2020-06-29,0.914556464782715
2020-06-30,0.9162479054694006
2020-07-01,0.8765060453703727
2020-07-02,0.8765060453703727
2020-07-06,0.8765060453703727
2020-07-07,0.5005192901262662
2020-07-08,0.4425209553893934
2020-07-09,0.45247178622274986
2020-07-10,0.40317218308981156
2020-07-13,0.4102326551184577
2020-07-14,0.33346237716089183
2020-07-15,0.3190726163169001
2020-07-16,0.47377556513106595
2020-07-17,0.4962689653036716
2020-07-20,0.5051481357218203
2020-07-21,0.3323260578306197
2020-07-22,0.13708430204038002
2020-07-23,0.18364484440142984
2020-07-24,0.7894054099022538
2020-07-27,0.9248975150507303
2020-07-28,0.8207864537753575
2020-07-29,0.9689089209245476
2020-07-30,0.9496003544307897
2020-07-31,0.9634069817369175
2020-08-03,0.974148885216535
2020-08-04,0.9732718233190695
2020-08-05,0.9491774398196547
2020-08-06,0.9238635983812172
2020-08-07,0.9368749198509442
2020-08-10,0.9728324015813025
2020-08-11,0.9902111513245099
2020-08-12,0.9616434907945368
2020-08-13,0.9630233283370017
2020-08-14,0.9738114033292502
2020-08-17,0.9615046658703582
2020-08-18,0.9584577730897494
2020-08-19,0.9624922148580148
2020-08-20,0.9747965786281301
2020-08-21,0.7786657995784423
2020-08-24,0.7786657995784423
2020-08-25,0.6940338314790787
2020-08-26,0.6784503195736038
2020-08-27,0.41667468230511484
2020-08-28,0.2463261089865279
2020-08-31,0.1966325191420056
2020-09-01,0.38277900766878215
2020-09-02,0.38277900766878215
2020-09-03,0.2583010184223481
2020-09-04,0.03721825313156994
2020-09-08,0.46703213491589185
2020-09-09,0.18000027324754672
2020-09-10,0.7396654762886606
2020-09-11,0.6360043674901097
2020-09-14,0.7205281501156997
2020-09-15,0.8926462475215572
2020-09-16,0.9689259182653519
2020-09-17,0.9416600109655645
2020-09-18,0.9782064198967986
2020-09-21,0.9602731811351766
2020-09-22,0.9770612972163117
2020-09-23,0.9723697005082206
2020-09-24,0.978620443085843
2020-09-25,0.9864182614859285
2020-09-28,0.986336337800916
2020-09-29,0.9788105300912415
2020-09-30,0.9739780500451312
2020-10-01,0.9818391478511582
2020-10-02,0.9641576191957689
2020-10-05,0.9896678910529298
2020-10-06,0.995848017133034
2020-10-07,0.9946867954375938
2020-10-08,0.9925865787992224
2020-10-09,0.9930965649766618
2020-10-12,0.9917691916256192
2020-10-13,0.9921592655611098
2020-10-14,0.9921592655611098
2020-10-15,0.9843898720220802
2020-10-16,0.9926177658650488
2020-10-19,0.9923468025901528
2020-10-20,0.9931647268028321
2020-10-21,0.9943586160432623
2020-10-22,0.9944419755427334
2020-10-23,0.9873660675485795
2020-10-26,0.985935383100857
2020-10-27,0.99116049309966
2020-10-28,0.9923535927255152
2020-10-29,0.9815529888271114
2020-10-30,0.9696941388920653
2020-11-02,0.9872917471794043
2020-11-03,0.9887337658754852
2020-11-04,0.9846125999882035
2020-11-05,0.9746414425024954
2020-11-06,0.993200490124731
2020-11-09,0.9936767963612704
2020-11-10,0.9878183794278632
2020-11-11,0.9877597873541021
2020-11-12,0.9887891143134566
2020-11-13,0.9883195527535631
2020-11-16,0.9879047229840426
2020-11-17,0.9877406559126555
2020-11-18,0.9939681287853456
2020-11-19,0.9934704420550456
2020-11-20,0.9935888787357207
2020-11-23,0.9828541645676186
2020-11-24,0.9788412021441091
2020-11-25,0.9821781401956978
2020-11-27,0.9961918780438858
2020-11-30,0.9832888477050875
2020-12-01,0.9945244102168636
2020-12-02,0.995966657121644
2020-12-03,0.9961548208990281
2020-12-04,0.9962704684324181
2020-12-07,0.9964736711314014
2020-12-08,0.9939141495395992
2020-12-09,0.9895973931720998
2020-12-10,0.993056538339751
2020-12-11,0.9906067293260127
2020-12-14,0.9588125603181805
2020-12-15,0.9860013485865802
2020-12-16,0.9924995862149919
2020-12-17,0.979034870250948
2020-12-18,0.9778398029733097
2020-12-21,0.9816581409362795
2020-12-22,0.9639623220045986
2020-12-23,0.9667086595451571
2020-12-24,0.9593651693913859
2020-12-28,0.9642115339076024
2020-12-29,0.9622041178895266
2020-12-30,0.9813080113508312
2020-12-31,0.9812678279649102
2021-01-04,0.9170389298918966
2021-01-05,0.9255286473864894
2021-01-06,0.9894246199622058
2021-01-07,0.9801211825432204
2021-01-08,0.9875792480962102
2021-01-11,0.9899219044537106
2021-01-12,0.9882945226634906
2021-01-13,0.9646922291015665
2021-01-14,0.9826769192773152
2021-01-15,0.9721255681879551
2021-01-19,0.944360746677466
2021-01-20,0.9830214619352067
2021-01-21,0.9945943369593802
2021-01-22,0.9953570971948479
2021-01-25,0.9947747754877835
2021-01-26,0.9955086973754798
2021-01-27,0.9915108098710544
2021-01-28,0.9843367089093447
2021-01-29,0.9828226153563051
2021-02-01,0.9943608896534828
2021-02-02,0.9953910896387658
2021-02-03,0.9913222324841692
2021-02-04,0.9899784377489562
2021-02-05,0.9754163271009963
2021-02-08,0.9754163271009963
2021-02-09,0.9798322556986949
2021-02-10,0.9863053260155045
2021-02-11,0.9831516509479494
2021-02-12,0.9785266276479269
2021-02-16,0.9846681215130085
2021-02-17,0.9888677395465105
2021-02-18,0.9717270756699055
2021-02-19,0.710104653198045
2021-02-22,0.9585021133973478
2021-02-23,0.9869209415730309
2021-02-24,0.989371254534516
2021-02-25,0.9452437410732609
2021-02-26,0.9248160296033963
2021-03-01,0.9803198968750637
2021-03-02,0.9452513336921169
2021-03-03,0.9673848008936131
2021-03-04,0.9772522638593062
2021-03-05,0.9453894992194296
2021-03-08,0.7952565221605479
2021-03-09,0.9719378099939675
2021-03-10,0.9199787836581887
2021-03-11,0.9848483637442272
2021-03-12,0.9789823605840056
2021-03-15,0.9664248964589334
2021-03-16,0.9649202733315091
2021-03-17,0.9758085112502823
2021-03-18,0.9781579077494125
2021-03-19,0.9843636544527836
2021-03-22,0.9470019805995589
2021-03-23,0.9776850427683111
2021-03-24,0.9903296108716515
2021-03-25,0.971836165179505
2021-03-26,0.973809467610527
2021-03-29,0.9894991831076054
2021-03-30,0.9848578079047694
2021-03-31,0.9682623563875956
2021-04-01,0.9502155353889246
2021-04-05,0.8655245246596527
2021-04-06,0.6110851362552904
2021-04-07,0.5943370598218429
2021-04-08,0.7547756590846765
2021-04-09,0.7644735720984621
2021-04-12,0.6081026142505993
2021-04-13,0.7103402221660242
2021-04-14,0.7800273730397734
2021-04-15,0.7725336751701463
2021-04-16,0.40194153014613015
2021-04-19,0.5063571870228873
2021-04-20,0.6048153650190561
2021-04-21,0.6054825084209711
2021-04-22,0.9443671601996576
2021-04-23,0.9658581430667101
2021-04-26,0.9640456410092879
2021-04-27,0.9625252205856465
2021-04-28,0.9673359993473655
2021-04-29,0.9602868118895838
2021-04-30,0.964641939605483
2021-05-03,0.9523171097840682
2021-05-04,0.9731207279301812
2021-05-05,0.9668281122455608
2021-05-06,0.9651678462986515
2021-05-07,0.9600125122858542
2021-05-10,0.8985935171820377
2021-05-11,0.882017803025115
2021-05-12,0.8551891412157749
2021-05-13,0.850550790885266
2021-05-14,0.7090098609664193
2021-05-17,0.7095839959991875
2021-05-18,0.9137083158648491
2021-05-19,0.9098965769151285
2021-05-20,0.8879214361104134
2021-05-21,0.9046409214570488
2021-05-24,0.7819726857599881
2021-05-25,0.8661035730827775
2021-05-26,0.9290788362661212
2021-05-27,0.8745961450590215
2021-05-28,0.6968897543167911
2021-06-01,0.8113842734149213
2021-06-02,0.9146631072444749
2021-06-03,0.8069068497156198
2021-06-04,0.8280082045379241
2021-06-07,0.724078756538308
2021-06-08,0.6771407551560163
2021-06-09,0.5806650781704686
2021-06-10,0.668541968538554
2021-06-11,0.7698046025757638
2021-06-14,0.9455747419253191
2021-06-15,0.8183135099127896
2021-06-16,0.7440943755939082
2021-06-17,0.8450405944386079
2021-06-18,0.7065563443858754
2021-06-21,0.6324415093099235
2021-06-22,0.8790387318013405
2021-06-23,0.8554753530425736
2021-06-24,0.901181522573579
2021-06-25,0.9386746502555915
2021-06-28,0.935585333000853
2021-06-29,0.9722665526292446
2021-06-30,0.9601836015261123
2021-07-01,0.949246250769523
2021-07-02,0.9709932295280078
2021-07-06,0.9701674309804057
2021-07-07,0.9818236443615386
2021-07-08,0.9183485141218222
2021-07-09,0.9703825132816226
2021-07-12,0.9397855450106359
2021-07-13,0.9029711612057353
2021-07-14,0.8128866503749689
2021-07-15,0.9153363091571592
2021-07-16,0.6785489812775312
2021-07-19,0.9660494545523787
2021-07-20,0.793181399449654
2021-07-21,0.7964825968248859
2021-07-22,0.9215997488574545
2021-07-23,0.852628378762236
2021-07-26,0.8901831103749016
2021-07-27,0.9450155655238428
2021-07-28,0.9391045537325697
2021-07-29,0.9358274412328925
2021-07-30,0.9880776612214861
2021-08-02,0.9111976675646416
2021-08-03,0.9118672537807304
2021-08-04,0.9036867642454144
2021-08-05,0.9520910470753994
2021-08-06,0.9260858092864299
2021-08-09,0.7263746849893774
2021-08-10,0.6196747145433609
2021-08-11,0.7868249910395861
2021-08-12,0.8450077117747742
2021-08-13,0.7832645638143775
2021-08-16,0.8420176853824127
2021-08-17,0.9040859829066973
2021-08-18,0.7765745762863876
2021-08-19,0.5920056906439635
2021-08-20,0.6262363995492918
2021-08-23,0.7283825217721981
2021-08-24,0.7341091038987322
2021-08-25,0.9147054557380866
2021-08-26,0.8538647527005655
2021-08-27,0.8304680435173034
2021-08-30,0.9047329493891785
2021-08-31,0.9417395752883316
2021-09-01,0.9223491386708592
2021-09-02,0.9124363894706401
2021-09-03,0.9433971869594809
2021-09-07,0.958106255575948
2021-09-08,0.9552248236949568
2021-09-09,0.9526789698255831
2021-09-10,0.9151159486695891
2021-09-13,0.9248969177263702
2021-09-14,0.9531145936372813
2021-09-15,0.9270563796615775
2021-09-16,0.8865588742065826
2021-09-17,0.9480356253170839
2021-09-20,0.9753929238618266
2021-09-21,0.8403084212989805
2021-09-22,0.8466798667569573
2021-09-23,0.7986126449234642
2021-09-24,0.6641630389766279
2021-09-27,0.6487622916499819
2021-09-28,0.9359019601230658
2021-09-29,0.8210424931104809
2021-09-30,0.7849229056721931
2021-10-01,0.8090322518098263
2021-10-04,0.6748724311518829
2021-10-05,0.6136284252823047
2021-10-06,0.8055846899241991
2021-10-07,0.8256696523354381
2021-10-08,0.7366792347792026
2021-10-11,0.7281925409516893
2021-10-12,0.8035566366024481
2021-10-13,0.747771343633012
2021-10-14,0.7312613734528393
2021-10-15,0.19867856022572958
2021-10-18,0.33778086034384025
2021-10-19,0.45256808866893566
2021-10-20,0.47260261014671373
2021-10-21,0.39540403267051505
2021-10-22,0.6133669926234216
2021-10-25,0.5218916428840764
2021-10-26,0.7035361299162961
2021-10-27,0.6259629456753669
2021-10-28,0.639901050087528
2021-10-29,0.6609741361963225
2021-11-01,0.5061786306671843
2021-11-02,0.5204906992831416
2021-11-03,0.6320418057500518
2021-11-04,0.5267932909976727
2021-11-05,0.4602233772779336
2021-11-08,0.22317792367941014
2021-11-09,0.13980682996046126
2021-11-10,0.2910817730977707
2021-11-11,0.3144683936061574
2021-11-12,0.2948285650574798
2021-11-15,0.1734490388191083
2021-11-16,0.13079600067801136
2021-11-17,0.10521417755848084
2021-11-18,0.17081912973812788
2021-11-19,0.3007782032928965
2021-11-22,0.08406857902632883
2021-11-23,0.13664520704100822
2021-11-24,0.353856284928889
2021-11-26,0.4325164009888333
2021-11-29,0.6299607480581284
2021-11-30,0.72430590942835
2021-12-01,0.7452813716767945
2021-12-02,0.746710247903025
2021-12-03,0.9729734406563013
2021-12-06,0.924762255967538
2021-12-07,0.8516474029873362
2021-12-08,0.85356151388979
2021-12-09,0.8839767760660668
2021-12-10,0.8524151675716971
2021-12-13,0.8838811518081794
2021-12-14,0.986253377742946
2021-12-15,0.9592606096766135
2021-12-16,0.9599982254309958
2021-12-17,0.9492778359857658
2021-12-20,0.9807354079881015
2021-12-21,0.9775364005240552
2021-12-22,0.9647805280192816
2021-12-23,0.8749960865966758
2021-12-27,0.7780507380434287
2021-12-28,0.8702731350952868
2021-12-29,0.7839873955216861
2021-12-30,0.7657278417291696
2021-12-31,0.9105183655631782
2022-01-03,0.7098300509737032
2022-01-04,0.8326920617949276
2022-01-05,0.9630063032836598
2022-01-06,0.9630063032836598
2022-01-07,0.9571290893773682
2022-01-10,0.96078001930277
2022-01-11,0.9591920535601123
2022-01-12,0.8910258518290857
2022-01-13,0.9664699191798863
2022-01-14,0.9649567768032199
2022-01-18,0.9137673477835773
2022-01-19,0.731993875022776
2022-01-20,0.7339929090599628
2022-01-21,0.7300893991199228
2022-01-24,0.8443533020916331
2022-01-25,0.9514363836562736
2022-01-26,0.877237325674444
2022-01-27,0.9615728333279444
2022-01-28,0.837565651466428
2022-01-31,0.7346432209914492
2022-02-01,0.5046592600805684
2022-02-02,0.7389778216010598
2022-02-03,0.9629497899061551
2022-02-04,0.7953036296833544
2022-02-07,0.661637657195421
2022-02-08,0.697993681831721
2022-02-09,0.6019932094201961
2022-02-10,0.9517985941974892
2022-02-11,0.9615802550700753
2022-02-14,0.8550473553302452
2022-02-15,0.8005431828500262
2022-02-16,0.7554559483405722
2022-02-17,0.944854003942652
2022-02-18,0.9866975832249738
2022-02-22,0.957148340033948
2022-02-23,0.9689926747257737
2022-02-24,0.913019184223357
2022-02-25,0.7976572793890526
2022-02-28,0.9332983811818498
2022-03-01,0.8970568212367683
2022-03-02,0.8368144879079072
2022-03-03,0.9132713959617148
2022-03-04,0.932420846576426
2022-03-07,0.9926434360921295
2022-03-08,0.9948576045287519
2022-03-09,0.9904290434619815
2022-03-10,0.9355301997684266
2022-03-11,0.9746339221962932
2022-03-14,0.9877986502974678
2022-03-15,0.9630218575713673
2022-03-16,0.7329118831856455
2022-03-17,0.7304680702292684
2022-03-18,0.1626948086627348
2022-03-21,0.22735004167899545
2022-03-22,0.10630067396007925
2022-03-23,0.8277990080484398
2022-03-24,0.9291452732397025
2022-03-25,0.9338499570635527
2022-03-28,0.9372386595206113
2022-03-29,0.9479957204711512
2022-03-30,0.9006825511174056
2022-03-31,0.929996634004572
2022-04-01,0.9426515298103763
2022-04-04,0.9697422184703791
2022-04-05,0.9524556559590395
2022-04-06,0.9196720229665564
2022-04-07,0.9734060502452452
2022-04-08,0.9674331314071644
2022-04-11,0.8781671809656091
2022-04-12,0.9467162447356016
2022-04-13,0.7921500977522051
2022-04-14,0.9753559672357929
2022-04-18,0.865293286271371
2022-04-19,0.9799337802091513
2022-04-20,0.834614926384365
2022-04-21,0.9817377203639893
2022-04-22,0.9091160956041585
2022-04-25,0.9834353965804762
2022-04-26,0.9517905154230908
2022-04-27,0.9869274278761674
2022-04-28,0.9869980903601071
2022-04-29,0.9966542465977724
2022-05-02,0.9795295994771084
2022-05-03,0.9772334353397368
2022-05-04,0.9727119506327272
2022-05-05,0.997079423354692
2022-05-06,0.9976369101205198
2022-05-09,0.9977954584866353
2022-05-10,0.9932968429088619
2022-05-11,0.9915796557290782
2022-05-12,0.9941475739148126
2022-05-13,0.9962674227009134
2022-05-16,0.9704612805605871
2022-05-17,0.9897518015303066
2022-05-18,0.9962383260481449
2022-05-19,0.995757462996066
2022-05-20,0.9945325734206366
2022-05-23,0.9963546259628677
2022-05-24,0.9953066619587857
2022-05-25,0.9930570756267864
2022-05-26,0.9019344654028882
2022-05-27,0.8381865520089976
2022-05-31,0.936032208280955
2022-06-01,0.9832090369164784
2022-06-02,0.9917067077435034
2022-06-03,0.9790351218254194
2022-06-06,0.9895846440004861
2022-06-07,0.7613992711099564
2022-06-08,0.8671179634856641
2022-06-09,0.791636606367211
2022-06-10,0.9778192855700449
2022-06-13,0.97899021750657
2022-06-14,0.9419587172686908
2022-06-15,0.9643069993426213
2022-06-16,0.986810080593424
2022-06-17,0.9944347988744032
2022-06-21,0.9956645484006622
2022-06-22,0.9957916086633455
2022-06-23,0.9958268944179902
2022-06-24,0.9918376196475366
2022-06-27,0.9921598858451227
2022-06-28,0.9958484103530799
2022-06-29,0.9964807187861698
2022-06-30,0.9937037152960055
2022-07-01,0.9477213290747057
2022-07-05,0.8920842676398111
2022-07-06,0.9432639799880261
2022-07-07,0.9888044882276712
2022-07-08,0.9709300235692195
2022-07-11,0.9656208372862808
2022-07-12,0.950477195157592
2022-07-13,0.9693729527814109
2022-07-14,0.9332514336456454
2022-07-15,0.9335249023750836
2022-07-18,0.7858120565145901
2022-07-19,0.9533506859445008
2022-07-20,0.7037037737990472
2022-07-21,0.8380962035611733
2022-07-22,0.9113944406192213
2022-07-25,0.7300960359710812
2022-07-26,0.7472728173847785
2022-07-27,0.9615346621317847
2022-07-28,0.9632590510172141
2022-07-29,0.9667835554259191
2022-08-01,0.9614359628229775
2022-08-02,0.8875254119906891
2022-08-03,0.8770027675725188
2022-08-04,0.9323089532614897
2022-08-05,0.9354175519363354
2022-08-08,0.7097418478472666
2022-08-09,0.5548845978339959
2022-08-10,0.8645749495641044
2022-08-11,0.753876047412469
2022-08-12,0.6870295591117833
2022-08-15,0.32804217446054207
2022-08-16,0.22051575756865247
2022-08-17,0.12041649745606343
2022-08-18,0.10882578573391641
2022-08-19,0.11469179692397112
2022-08-22,0.422644753916272
2022-08-23,0.586298717597108
2022-08-24,0.4091064800323421
2022-08-25,0.33912811555888994
2022-08-26,0.447967248699219
2022-08-29,0.5083583322572034
2022-08-30,0.8346798049778076
2022-08-31,0.6676141872205114
2022-09-01,0.5264667504676364
2022-09-02,0.6198473761651102
2022-09-06,0.6702156690569969
2022-09-07,0.7548411124498383
2022-09-08,0.7485673578260438
2022-09-09,0.7268292871010966
2022-09-12,0.717992213260895
2022-09-13,0.8722806272668887
2022-09-14,0.8217304491808352
2022-09-15,0.8067846747500634
2022-09-16,0.760662170832138
2022-09-19,0.9191214843681611
2022-09-20,0.9004317477858919
2022-09-21,0.8398967222407602
2022-09-22,0.7567905174370632
2022-09-23,0.6553944969553129
2022-09-26,0.3179556364844059
2022-09-27,0.45469330612868863
2022-09-28,0.8630242238182507
2022-09-29,0.5849619268482658
2022-09-30,0.654941586278352
2022-10-03,0.7656036580651545
2022-10-04,0.8815581217273902
2022-10-05,0.7041491493789593
2022-10-06,0.7131328480436033
2022-10-07,0.5838570084756136
2022-10-10,0.6083279847699049
2022-10-11,0.46542727295327235
2022-10-12,0.37000828009744113
2022-10-13,0.21955105930327787
2022-10-14,0.11214030829090085
2022-10-17,0.07550535070776007
2022-10-18,0.09486668057875826
2022-10-19,0.0760834709528513
2022-10-20,0.045797764746912724
2022-10-21,0.04517180178233289
2022-10-24,0.07120967298146119
2022-10-25,0.1180522422997941
2022-10-26,0.3088025402227011
2022-10-27,0.5810539765427947
2022-10-28,0.5278246404825807
2022-10-31,0.6023032587852324
2022-11-01,0.656506498606083
2022-11-02,0.62468740089125
2022-11-03,0.60113138044746
2022-11-04,0.46247981169184
2022-11-07,0.49223264534499156
2022-11-08,0.5305176120361357
2022-11-09,0.5704981182693282
2022-11-10,0.5386894710855558
2022-11-11,0.5392943013005381
2022-11-14,0.31798520660479584
2022-11-15,0.6299766393762216
2022-11-16,0.5093392323179641
2022-11-17,0.5029932046826198
2022-11-18,0.4590549213952581
2022-11-21,0.48919818168327095
2022-11-22,0.5133905176516891
2022-11-23,0.3922612028629509
2022-11-25,0.26903074051813786
2022-11-28,0.3709377977488315
2022-11-29,0.38524574614521706
2022-11-30,0.3502152894178628
2022-12-01,0.46075705976162756
2022-12-02,0.5733472438140315
2022-12-05,0.2796616102659092
2022-12-06,0.5167723596016178
2022-12-07,0.5400577759584076
2022-12-08,0.48546813217239404
2022-12-09,0.08132817481638625
2022-12-12,0.19329036544947453
2022-12-13,0.2153216247413706
2022-12-14,0.12381332118465234
2022-12-15,0.10535425152367045
2022-12-16,0.10579331857333804
2022-12-19,0.10856936580032564
2022-12-20,0.16255180109163828
2022-12-21,0.34121826049693305
2022-12-22,0.14355184535278473
2022-12-23,0.23379946286846126
2022-12-27,0.2075739002442718
2022-12-28,0.13641276582294962
2022-12-29,0.06884133554892519
2022-12-30,0.07450938381634342
2023-01-03,0.13197639962239907
2023-01-04,0.19585311724695298
2023-01-05,0.17773551648371186
2023-01-06,0.1402565579213111
2023-01-09,0.2133736337058108
2023-01-10,0.2867245133632442
2023-01-11,0.3024583142297599
2023-01-12,0.58880476746962
2023-01-13,0.5758972862470909
2023-01-17,0.20299656986960285
2023-01-18,0.18323829791081891
2023-01-19,0.1655456836743706
2023-01-20,0.283999308945318
2023-01-23,0.19738441236339746
2023-01-24,0.22595000757992384
2023-01-25,0.26374184257996725
2023-01-26,0.2907099370711659
2023-01-27,0.5452606377971819
2023-01-30,0.3327390681465035
2023-01-31,0.5772636549431761
2023-02-01,0.32535422150717663
2023-02-02,0.6189730294727881
2023-02-03,0.4017292104628677
2023-02-06,0.4127663313568941
2023-02-07,0.20737926064885304
2023-02-08,0.12764822373355916
2023-02-09,0.06957503118796093
2023-02-10,0.14154094113037716
2023-02-13,0.14497708193304554
2023-02-14,0.11113478591001284
2023-02-15,0.0628374488823766
2023-02-16,0.10445229940215757
2023-02-17,0.07478027984330851
2023-02-21,0.17475204353623044
2023-02-22,0.45358987281787366
2023-02-23,0.40384990785104735
2023-02-24,0.5652915265124375
2023-02-27,0.4201765035838042
2023-02-28,0.3857487603682066
2023-03-01,0.3985303749973008
2023-03-02,0.4401070671896214
2023-03-03,0.41288024054286543
2023-03-06,0.6106859972812497
2023-03-07,0.5771312800028229
2023-03-08,0.7824300980763956
2023-03-09,0.7453170069724252
2023-03-10,0.40894701916252746
2023-03-13,0.4986053275507249
2023-03-14,0.4322619984040792
2023-03-15,0.4649469505581364
2023-03-16,0.5845237687226451
2023-03-17,0.7128599861332879
2023-03-20,0.5532380076158384
2023-03-21,0.6920831740248413
2023-03-22,0.4509769368858884
2023-03-23,0.6584860805287628
2023-03-24,0.6799337873066685
2023-03-27,0.6786399417722122
2023-03-28,0.5758750486490003
2023-03-29,0.49885085256420125
2023-03-30,0.6043801593330823
2023-03-31,0.6043801593330823
2023-04-03,0.5959050847248897
2023-04-04,0.6067996092217359
2023-04-05,0.6476610415922143
2023-04-06,0.47989205664678775
2023-04-10,0.6548105423905851
2023-04-11,0.6873148550019772
2023-04-12,0.69767288609769
2023-04-13,0.4836088050995523
2023-04-14,0.42279232993509
2023-04-17,0.3804287017927311
2023-04-18,0.5186330813629239
2023-04-19,0.7691832702708915
2023-04-20,0.7517692605633298
2023-04-21,0.8224008391725594
2023-04-24,0.9232340010686234
2023-04-25,0.9133152099112891
2023-04-26,0.757408142349145
2023-04-27,0.8254467710288231
2023-04-28,0.7786453835925171
2023-05-01,0.7755290776014218
2023-05-02,0.85123459238916
2023-05-03,0.885772614198864
2023-05-04,0.8701640004463267
2023-05-05,0.8695567052091532
2023-05-08,0.9079003662791081
2023-05-09,0.8997332894962198
2023-05-10,0.8593365604241568
2023-05-11,0.8572839859122693
2023-05-12,0.8980672390649113
2023-05-15,0.9241731959806978
2023-05-16,0.9014817344403929
2023-05-17,0.824166474446226
2023-05-18,0.3970227871341192
2023-05-19,0.6165320745810146
2023-05-22,0.7355221440509825
2023-05-23,0.7222983051245246
2023-05-24,0.6042421074949953
2023-05-25,0.5514176746837259
2023-05-26,0.6015483457004852
2023-05-30,0.6123740254003531
2023-05-31,0.2495930034690412
2023-06-01,0.2079868665086597
2023-06-02,0.04992100863028969
2023-06-05,0.0671534415590934
2023-06-06,0.0671534415590934
2023-06-07,0.06059901003668806
2023-06-08,0.05713158922936191
2023-06-09,0.05857603293166813
2023-06-12,0.06947905747609294
2023-06-13,0.07305111062264362
2023-06-14,0.05913832839504862
2023-06-15,0.06904133159241252
2023-06-16,0.054163081600467865
2023-06-20,0.06287069437339589
2023-06-21,0.0472066923098714
2023-06-22,0.039846796843997306
2023-06-23,0.07730533591984297
2023-06-26,0.03787618668448888
2023-06-27,0.061957177865340246
2023-06-28,0.10970335099910218
2023-06-29,0.07155462676999227
2023-06-30,0.0508847612031744
2023-07-03,0.05156241276284404
2023-07-05,0.07281087092840244
2023-07-06,0.14134996994774823
2023-07-07,0.1807623943840751
2023-07-10,0.1647068907064607
2023-07-11,0.21562336996632653
2023-07-12,0.19057694662931263
2023-07-13,0.052788983006506134
2023-07-14,0.059425309225609096
2023-07-17,0.05139156109264331
2023-07-18,0.05405976485059625
2023-07-19,0.056699739523387666
2023-07-20,0.09324406616341224
2023-07-21,0.0763423441394491
2023-07-24,0.056560498694939815
2023-07-25,0.0533724921845626
2023-07-26,0.1358273349598139
2023-07-27,0.09866532342198558
2023-07-28,0.1972727255400534
2023-07-31,0.16604432947040304
2023-08-01,0.12115249075440353
2023-08-02,0.4708469550845327
2023-08-03,0.656241081674821
2023-08-04,0.6666948412372681
2023-08-07,0.5825257117075955
2023-08-08,0.77131011336491
2023-08-09,0.826469541483347
2023-08-10,0.7811376462706031
2023-08-11,0.7761482895061229
2023-08-14,0.7459303741277769
2023-08-15,0.8856408458332922
2023-08-16,0.8941769206777503
2023-08-17,0.8937778907046987
2023-08-18,0.8170801566312687
2023-08-21,0.8567232824410914
2023-08-22,0.9437756246927776
2023-08-23,0.9083640245152306
2023-08-24,0.9123954545378534
2023-08-25,0.9054679339221087
2023-08-28,0.8691478232898604
2023-08-29,0.8431887492247518
2023-08-30,0.7834829602976382
2023-08-31,0.8039660032502474
2023-09-01,0.8167845862000053
2023-09-05,0.7809009353093619
2023-09-06,0.852131226218158
2023-09-07,0.9091159110631984
2023-09-08,0.8636982460953303
2023-09-11,0.8500675486898432
2023-09-12,0.8697404658810463
2023-09-13,0.7980702313592978
2023-09-14,0.8154376272703245
2023-09-15,0.8910294254075525
2023-09-18,0.8970500088275513
2023-09-19,0.8970919564567568
2023-09-20,0.8417613090860391
2023-09-21,0.8833981594584551
2023-09-22,0.7793968090042578
2023-09-25,0.7837734140654073
2023-09-26,0.6758715654598996
2023-09-27,0.7881345625598025
2023-09-28,0.7934562807542006
2023-09-29,0.8576419216719786
2023-10-02,0.8753826133910616
2023-10-03,0.8579252729759297
2023-10-04,0.8484133466046125
2023-10-05,0.8090681151499689
2023-10-06,0.7695325911808748
2023-10-09,0.8354537475465351
2023-10-10,0.7947223626856844
2023-10-11,0.6660270602453381
2023-10-12,0.7425549278175705
2023-10-13,0.8191356158913606
2023-10-16,0.7891833849863266
2023-10-17,0.8258486856535234
2023-10-18,0.6323607906167273
2023-10-19,0.5827521888939241
2023-10-20,0.7678340596544421
2023-10-23,0.6209683001794346
2023-10-24,0.7196101630977131
2023-10-25,0.6822744635116467
2023-10-26,0.7282761788334575
2023-10-27,0.7020449965371105
2023-10-30,0.7127066677019449
2023-10-31,0.6930986212700401
2023-11-01,0.6292538582938018
2023-11-02,0.613726248763697
2023-11-03,0.7150887836101851
2023-11-06,0.7350620429833067
2023-11-07,0.7370398220553331
2023-11-08,0.7370398220553331
2023-11-09,0.6754866851827923
2023-11-10,0.6500381070005531
2023-11-13,0.7307186229669803
2023-11-14,0.501199817331454
2023-11-15,0.7319173330729514
2023-11-16,0.6393170566025133
2023-11-17,0.7193463858278113
2023-11-20,0.7129267906619728
2023-11-21,0.7129267906619728
2023-11-22,0.6391262177361394
2023-11-24,0.4840836271204254
2023-11-27,0.301211164804659
2023-11-28,0.46169348191247084
2023-11-29,0.6419024038696005
2023-11-30,0.7714377559905942
2023-12-01,0.8282174490410529
2023-12-04,0.911559397448157
2023-12-05,0.8358686315132318
2023-12-06,0.8724723523600305
2023-12-07,0.8027211701531343
2023-12-08,0.8464115779323866
2023-12-11,0.7626771878167864
2023-12-12,0.7335779084875678
2023-12-13,0.5824305478068116
2023-12-14,0.6100840341490128
2023-12-15,0.3600995484963231
2023-12-18,0.22136765686281806
2023-12-19,0.18679040963548502
2023-12-20,0.16600810099836902
2023-12-21,0.050274494675233164
2023-12-22,0.046538773328731166
2023-12-26,0.05228127557161544
2023-12-27,0.05132463489762183
2023-12-28,0.034091986367084284
2023-12-29,0.033052045725404794
2024-01-02,0.059662498024467804
2024-01-03,0.21139593515261274
2024-01-04,0.11549099223302962
2024-01-05,0.14545955402814298
2024-01-08,0.20348201580918687
2024-01-09,0.36283871474955043
2024-01-10,0.14803679294667574
2024-01-11,0.3250696686536991
2024-01-12,0.29540567455920236
2024-01-16,0.27695117958371185
2024-01-17,0.3735021181190776
2024-01-18,0.6392509091682902
2024-01-19,0.6507742539797747
2024-01-22,0.5771874706300139
2024-01-23,0.45118876455306267
2024-01-24,0.5568508270158099
2024-01-25,0.48900119554644
2024-01-26,0.5823467209810284
2024-01-29,0.4543556495708638
2024-01-30,0.411604286153092
2024-01-31,0.5761826290021387
2024-02-01,0.3544059660785322
2024-02-02,0.6777511541087506
2024-02-05,0.5821201609759694
2024-02-06,0.3780612842100503
2024-02-07,0.29385514648741495
2024-02-08,0.22194479214933424
2024-02-09,0.1583557606136318
2024-02-12,0.12589234299655597
2024-02-13,0.2421364914304321
2024-02-14,0.3620976058393388
2024-02-15,0.29098711183944925
2024-02-16,0.3751500188474725
2024-02-20,0.5910412722739115
2024-02-21,0.6288813780453417
2024-02-22,0.5972522007668611
2024-02-23,0.5795595675835041
2024-02-26,0.4443477530850795
2024-02-27,0.27262742476875357
2024-02-28,0.41061390479004267
2024-02-29,0.48854291251986787
2024-03-01,0.5552392218339237
2024-03-04,0.5597690717768943
2024-03-05,0.5692304020031622
2024-03-06,0.5890670130036654
2024-03-07,0.4876140233255935
2024-03-08,0.5003578377215699
2024-03-11,0.5184094417349536
2024-03-12,0.3773450768739855
2024-03-13,0.5791897585042975
2024-03-14,0.5709333687463851
2024-03-15,0.5214666033567558
2024-03-18,0.6917194688386189
2024-03-19,0.5823176252889719
2024-03-20,0.4053992814709914
2024-03-21,0.47233082729366405
2024-03-22,0.40248048744065285
2024-03-25,0.3806455807840367
2024-03-26,0.4392220423003855
2024-03-27,0.4860444926417588
2024-03-28,0.5687652665109192
2024-04-01,0.4947501710526055
2024-04-02,0.8003292851791
2024-04-03,0.7208309202517158
2024-04-04,0.7235699329029306
2024-04-05,0.654782237486064
2024-04-08,0.4662433906504703
2024-04-09,0.4002862426889133
2024-04-10,0.5712787093536644
2024-04-11,0.40556736019523804
2024-04-12,0.6370843532393551
2024-04-15,0.6414126373520713
2024-04-16,0.674398169491793
2024-04-17,0.8344817501847783
2024-04-18,0.8735959893856738
2024-04-19,0.9043814174931626
2024-04-22,0.8872361698585951
2024-04-23,0.7880114211257835
2024-04-24,0.7972319240714774
2024-04-25,0.8744625286639909
2024-04-26,0.6929439821631297
2024-04-29,0.6905798779594194
2024-04-30,0.8477442066627868
2024-05-01,0.8355820087691992
2024-05-02,0.8737306301515677
2024-05-03,0.8925968045834286
2024-05-06,0.8822605273833378
2024-05-07,0.8586474352651738
2024-05-08,0.8046642569258718
2024-05-09,0.7667969266056174
2024-05-10,0.7206340587544654
2024-05-13,0.8564466464544005
2024-05-14,0.8754497760332106
2024-05-15,0.8705956933122503
2024-05-16,0.7894661088760564
2024-05-17,0.4937701536064003
2024-05-20,0.7014243190578487
2024-05-21,0.7014243190578487
2024-05-22,0.7394500442153561
2024-05-23,0.8257557239525187
2024-05-24,0.8254034635999141
2024-05-28,0.7383406957446471
2024-05-29,0.7664293085313094
2024-05-30,0.6248570123628001
2024-05-31,0.735864738144251
2024-06-03,0.7613811562829519
2024-06-04,0.8164272929080685
2024-06-05,0.6927400745436401
2024-06-06,0.684927167142159
2024-06-07,0.7003266804996385
2024-06-10,0.7278391715526007
2024-06-11,0.7753021935441644
2024-06-12,0.7015269472033843
2024-06-13,0.8241182022732441
2024-06-14,0.8605284643960108
2024-06-17,0.8914144847985094
2024-06-18,0.8453452113980878
2024-06-20,0.8655950628296307
2024-06-21,0.856030151544915
2024-06-24,0.8184745980477761
2024-06-25,0.8679198162811763
2024-06-26,0.7887448746669123
2024-06-27,0.653489631736478
2024-06-28,0.5235214330218814
2024-07-01,0.5912574559107553
2024-07-02,0.6075708222010135
2024-07-03,0.5807838341873781
2024-07-05,0.35863271395320323
2024-07-08,0.19813784008967872
2024-07-09,0.12031003461909211
2024-07-10,0.0909298228340708
2024-07-11,0.16208964211420274
2024-07-12,0.24759295220866545
2024-07-15,0.14705684153903245
2024-07-16,0.14625960962226697
2024-07-17,0.296544940934632
2024-07-18,0.16366229452688028
2024-07-19,0.23417254196302473
2024-07-22,0.40016638427372714
2024-07-23,0.3886960992331699
2024-07-24,0.6881424751107487
2024-07-25,0.5687762497141549
2024-07-26,0.6450913833971985
2024-07-29,0.633832086990789
2024-07-30,0.7281523677119934
2024-07-31,0.7865160359542156
2024-08-01,0.8170764344821728
2024-08-02,0.5224504112581074
2024-08-05,0.8592709778861789
2024-08-06,0.44959802831845785
2024-08-07,0.30403882741964655
2024-08-08,0.48401246150008986
2024-08-09,0.8461899078326628
2024-08-12,0.8320710758389667
2024-08-13,0.37365752281582015
2024-08-14,0.2675194932343147
2024-08-15,0.21263882956820956
2024-08-16,0.25676168696945545
2024-08-19,0.5369304799065525
2024-08-20,0.6275979015353824
2024-08-21,0.6615432514644729
2024-08-22,0.7655499369940082
2024-08-23,0.723964389508291
2024-08-26,0.804876438017845
2024-08-27,0.7640320765319606
2024-08-28,0.85855191938805
2024-08-29,0.6889794479670613
2024-08-30,0.655115536632053
2024-09-03,0.654572464190331
2024-09-04,0.49608092083013305
2024-09-05,0.6888564324391171
2024-09-06,0.35694015629049153
2024-09-09,0.2992267282158236
2024-09-10,0.4812369476396211
2024-09-11,0.5790280656888049
2024-09-12,0.6195227137189013
2024-09-13,0.6935786411049908
2024-09-16,0.7093642551820393
2024-09-17,0.8125708006105858
2024-09-18,0.883561118305096
2024-09-19,0.7883790310141419
2024-09-20,0.7742360290636287
2024-09-23,0.8063595562601757
2024-09-24,0.8047741527862661
2024-09-25,0.8124940754535507
2024-09-26,0.8793919239898759
2024-09-27,0.8587760522561223
2024-09-30,0.902606140945102
2024-10-01,0.7201689870340153
2024-10-02,0.7573770168265441
2024-10-03,0.703736059972041
2024-10-04,0.9103736686444956
2024-10-07,0.7490119060650862
2024-10-08,0.938607647278203
2024-10-09,0.9279426379987624
2024-10-10,0.831889113870927
2024-10-11,0.8415115677619617
2024-10-14,0.5905924938820034
2024-10-15,0.8189491469086934
2024-10-16,0.8046636757295631
2024-10-17,0.7107882220980222
2024-10-18,0.5625681467389861
2024-10-21,0.5181980233264432
2024-10-22,0.43329710621049067
2024-10-23,0.8048542900584177
2024-10-24,0.8125967704875025
2024-10-25,0.7994401156339537
2024-10-28,0.8217994885304034
2024-10-29,0.798307678556996
2024-10-30,0.8189638179246514
2024-10-31,0.7779255342463384
2024-11-01,0.7926332848477284
2024-11-04,0.7971384928392541
2024-11-05,0.8469416084706218
2024-11-06,0.6775100964470633
2024-11-07,0.7424476755918882
2024-11-08,0.8005312753150384
2024-11-11,0.726317713849126
2024-11-12,0.6204087173398268
2024-11-13,0.5628620703418133
2024-11-14,0.5929794226635682
2024-11-15,0.9264121681960104
2024-11-18,0.8914246872019104
2024-11-19,0.8720312189847362
2024-11-20,0.759984946749289
2024-11-21,0.7279877389943027
2024-11-22,0.7830817119670532
2024-11-25,0.7633007279609852
2024-11-26,0.7254415072908436
2024-11-27,0.749005953785235
2024-11-29,0.7878359044649175
2024-12-02,0.7967543964340836
2024-12-03,0.7655972888579569
2024-12-04,0.7480030413336654
2024-12-05,0.7995481289093632
2024-12-06,0.5930587417248523
2024-12-09,0.8383348208417609
2024-12-10,0.7382867501770517
2024-12-11,0.7139765427769807
2024-12-12,0.5557054151715649
2024-12-13,0.5775417500317491
2024-12-16,0.6507012243587139
2024-12-17,0.5367411464886722
2024-12-18,0.3690889605996458
2024-12-19,0.37270840975192127
2024-12-20,0.44193742968444694
2024-12-23,0.6418589721847268
2024-12-24,0.7830546207574212
2024-12-26,0.7463131085380326
2024-12-27,0.7624843390105756
2024-12-30,0.8482261016373598
2024-12-31,0.8294929612995484
2025-01-02,0.7228042999216567
2025-01-03,0.8193914062135714
2025-01-06,0.8318877399004516
2025-01-07,0.7989254830373186
2025-01-08,0.7989254830373186
2025-01-10,0.7843297332018068
2025-01-13,0.8419214598788926
2025-01-14,0.7741367513996087
2025-01-15,0.7449862810309218
2025-01-16,0.7273715538265428
2025-01-17,0.7624995742837342
2025-01-21,0.7656772422687622
2025-01-22,0.7443678661041515
2025-01-23,0.7279538392378138
2025-01-24,0.29908841371322903
2025-01-27,0.5892244130401193
2025-01-28,0.8270601574478478
2025-01-29,0.8228536019552767
2025-01-30,0.8615381248535279
2025-01-31,0.8286229609423923
2025-02-03,0.8910458275408931
2025-02-04,0.8440562041689076
2025-02-05,0.7807122215252207
2025-02-06,0.7508080110471398
2025-02-07,0.7829366711866698
2025-02-10,0.7178556786172227
2025-02-11,0.7247640220135017
2025-02-12,0.8484554527811432
2025-02-13,0.7118852987209371
2025-02-14,0.6518493790791483
2025-02-18,0.5955421792329938
2025-02-19,0.6475972642608081
2025-02-20,0.650428407355509
2025-02-21,0.6967100520025779
2025-02-24,0.7347027209297006
2025-02-25,0.8624258654692482
2025-02-26,0.8680007862739475
2025-02-27,0.8868225065461925
2025-02-28,0.9099255537745841
2025-03-03,0.8746916925635507
2025-03-04,0.8085422856298091
2025-03-05,0.7716455050355189
2025-03-06,0.5410955991235096
2025-03-07,0.5617986822480954
2025-03-10,0.4582898011320393
2025-03-11,0.7505220280958924
2025-03-12,0.8065348601762206
2025-03-13,0.793447342867313
2025-03-14,0.7243551124111909
2025-03-17,0.6298742471087944
2025-03-18,0.6900039498955692
2025-03-19,0.17436577803274655
2025-03-20,0.7115341688812454
2025-03-21,0.4001889433658962
2025-03-24,0.2911337495694208
2025-03-25,0.3566879326669772
2025-03-26,0.43427427288565795
2025-03-27,0.4495030514308465
2025-03-28,0.5680362901908507
2025-03-31,0.2861298094584141
2025-04-01,0.28655329996529255
2025-04-02,0.22508220391032296
2025-04-03,0.48868460190808705
2025-04-04,0.9121362047590925
2025-04-07,0.9109686597170545
2025-04-08,0.8846746494795664
2025-04-09,0.7816785920782612
2025-04-10,0.8714364042035647
2025-04-11,0.9275501504565163
2025-04-14,0.861633296442839
2025-04-15,0.8407870655683546
2025-04-16,0.8453521300296651
2025-04-17,0.4983089118111087
2025-04-21,0.7190211162600644
2025-04-22,0.7872329904021537
2025-04-23,0.8191998218996703
2025-04-24,0.4297003854325666
2025-04-25,0.3737454876955488
2025-04-28,0.4015599568281985
2025-04-29,0.2491823381337329
2025-04-30,0.5006618726386313
2025-05-01,0.39009170162505713
2025-05-02,0.38570747929627275
2025-05-05,0.4818951453469422
2025-05-06,0.720952052850733
2025-05-07,0.6054605155340541
2025-05-08,0.8512144078601375
2025-05-09,0.49904445580992773
2025-05-12,0.5652284861522353
2025-05-13,0.9047981373314663
2025-05-14,0.8615119218402303
2025-05-15,0.8757406102930115
2025-05-16,0.8653473327429694
2025-05-19,0.8133587680291544
2025-05-20,0.740320977636075
2025-05-21,0.8621850638258782
2025-05-22,0.9502132303731339
2025-05-23,0.9371423492763874
2025-05-27,0.9216224460843504
2025-05-28,0.8999328091561276
2025-05-29,0.8684018857536348
2025-05-30,0.8800952881798536
2025-06-02,0.8437888577398458
2025-06-03,0.8307110886615566
2025-06-04,0.8690055080720723
2025-06-05,0.89010765908968
2025-06-06,0.896103966863942
2025-06-09,0.9011583727101358
2025-06-10,0.9462720626853658
2025-06-11,0.9295998528571784
2025-06-12,0.9343496432261744
2025-06-13,0.9124394997680597
2025-06-16,0.8106101432343294
2025-06-17,0.8322432855902108
2025-06-18,0.830054835008761
2025-06-20,0.8357008754587397
2025-06-23,0.8051721508957301
2025-06-24,0.6860439569838627
2025-06-25,0.5043294903081635
2025-06-26,0.572090216327161
2025-06-27,0.5022999866377971
2025-06-30,0.5427560410573659
2025-07-01,0.6317630123575135
2025-07-02,0.6891913082805662
2025-07-03,0.658778328593008
2025-07-07,0.7987581755240561
2025-07-08,0.6233844080404148
2025-07-09,0.8074625072173189
2025-07-10,0.8076354705964116
2025-07-11,0.7941941671874952
2025-07-14,0.7831623096526723
2025-07-15,0.7105896936331897
2025-07-16,0.6795640077860443
2025-07-17,0.7303135710707194
2025-07-18,0.7101126810617161
2025-07-21,0.7188620907153875
2025-07-22,0.6891359089273911
2025-07-23,0.684577013038551
2025-07-24,0.6542238334711151
2025-07-25,0.839295338607215
2025-07-28,0.8284130633608742
2025-07-29,0.6105046035505493
2025-07-30,0.7478629441537488
2025-07-31,0.5697409425016152
2025-08-01,0.8019880887081439
2025-08-04,0.5888703795907246
2025-08-05,0.5822486225338523
2025-08-06,0.39522801110350386
2025-08-07,0.46915819027857036
2025-08-08,0.5619254479794116
2025-08-11,0.4565578130799355
2025-08-12,0.7769160810161925
2025-08-13,0.7456366788158878
2025-08-14,0.5621930142866013
2025-08-15,0.813160119477989
2025-08-18,0.7575077803433463
2025-08-19,0.8242699606906131
2025-08-20,0.8049883085123817
2025-08-21,0.7101737697675092
2025-08-22,0.6199983286541476
2025-08-25,0.7541725187074956
2025-08-26,0.706139992244539
2025-08-27,0.6851441772124772
2025-08-28,0.6589047859171866
2025-08-29,0.7353805126328637
2025-09-02,0.8216444546445452
2025-09-03,0.6435596872131701
2025-09-04,0.6317797213155387
2025-09-05,0.6416068986934385
2025-09-08,0.6031985169462696
2025-09-09,0.6370610861524881
2025-09-10,0.5599135950703231
2025-09-11,0.7073557045259056
2025-09-12,0.6486100888569841
2025-09-15,0.6554940793559153
2025-09-16,0.596100044455701
2025-09-17,0.6444139544455669
2025-09-18,0.5549653589468181
2025-09-19,0.7800649986959372
2025-09-22,0.5442199081850949
2025-09-23,0.548197828010399
2025-09-24,0.4851199498709123
2025-09-25,0.4004748892435653
2025-09-26,0.4512369509449922
2025-09-29,0.4431432507605112
2025-09-30,0.572573409043601
2025-10-01,0.4880806127340588
2025-10-02,0.49958166409709287
2025-10-03,0.4220985834333423
2025-10-06,0.41878812031515583
2025-10-07,0.4374991889306618
2025-10-08,0.4331141406384687
2025-10-09,0.4860773722852348
2025-10-10,0.4366823700181577
2025-10-13,0.4608350831787022
2025-10-14,0.6474178152780045
2025-10-15,0.4485628736161475
2025-10-16,0.3850737009610749
2025-10-17,0.6045055994213684
2025-10-20,0.5335098761271136
2025-10-21,0.5099311247570336
2025-10-22,0.5740594452119098
2025-10-23,0.4603346187215852
2025-10-24,0.46755864791106727
2025-10-27,0.40108832551115037
2025-10-28,0.41477145824170264
2025-10-29,0.38490292811631294
2025-10-30,0.5560566600166269
2025-10-31,0.4608793689939597
2025-11-03,0.5115264021109569
2025-11-04,0.4588134660247746
2025-11-05,0.4843151745397434
2025-11-06,0.43057731759262713
2025-11-07,0.5709647342885029
2025-11-10,0.4906076766560479
2025-11-11,0.49795093673102453
2025-11-12,0.5028367415030045
2025-11-13,0.5645304478764803
2025-11-14,0.5991387448506189
2025-11-17,0.5673655653311944
2025-11-18,0.5629939421717602
2025-11-19,0.41485568242924903
2025-11-20,0.4166094713908974
2025-11-21,0.5248269395242279
2025-11-24,0.4943929390412944
2025-11-25,0.4998170012958534
2025-11-26,0.4702677594600956
2025-11-28,0.5227121769519822
2025-12-01,0.5888000050525192
2025-12-02,0.3290951318441978
2025-12-03,0.4046726830282899
2025-12-04,0.39182730955530887
2025-12-05,0.38187004643314487
2025-12-08,0.34830617744536985
2025-12-09,0.4891946544110896
2025-12-10,0.4947355178727887
2025-12-11,0.3594180970983495
2025-12-12,0.27667318906039845
2025-12-15,0.290477868371984
2025-12-16,0.6238598355201049
2025-12-17,0.7398720773091378
2025-12-18,0.6067431642554217
2025-12-19,0.6952556553504414
2025-12-22,0.5378867777904404
2025-12-23,0.6366260353777587
2025-12-24,0.5589532678203654
2025-12-26,0.2385515232923867
2025-12-29,0.3684724315223517
2025-12-30,0.34578885310911317
2025-12-31,0.6913511709416534
2026-01-02,0.7552650998185214
2026-01-05,0.7813362109683196
2026-01-06,0.785160614771194
2026-01-07,0.7553104522669813
2026-01-08,0.7215129883644311
2026-01-09,0.6543056874627486
2026-01-12,0.5066439150557461
2026-01-13,0.5034868171722309
2026-01-14,0.6309845608637649
2026-01-15,0.6966572876568903
2026-01-16,0.5802690789800751
2026-01-20,0.8477517824428341
2026-01-21,0.769149770926723
2026-01-22,0.8002087213819893
2026-01-23,0.743813058825331
2026-01-26,0.6885322965946623
2026-01-27,0.7564074781661334
2026-01-28,0.6736645796931322
2026-01-29,0.7438436531868182
2026-01-30,0.7860978580779313
2026-02-02,0.7368054437494065
2026-02-03,0.7860427835440091
2026-02-04,0.733395827301294
2026-02-05,0.7911237136432997
2026-02-06,0.6934545164291172
2026-02-09,0.7378896153794926
2026-02-10,0.7130156256616521
2026-02-11,0.7084940738865736
2026-02-12,0.8539352034685281
2026-02-13,0.8225739955574184
2026-02-17,0.6547657719331803
2026-02-18,0.686145316259755
2026-02-19,0.5379511630314546
2026-02-20,0.5816179948033089
2026-02-23,0.7958618657606722
2026-02-24,0.7721850799944145
2026-02-25,0.7988766680218667
2026-02-26,0.8017803647521956
2026-02-27,0.8785327762944184
2026-03-02,0.8950231465381338
2026-03-03,0.7637913404558209
2026-03-04,0.7485691524922545
2026-03-05,0.7500693071194264
2026-03-06,0.7880760274975552
2026-03-09,0.6809517820107227
2026-03-10,0.7178160215978003
2026-03-11,0.5968537960201853
2026-03-12,0.6484355506252172
2026-03-13,0.7536854371025028
2026-03-16,0.7751163191459082
2026-03-17,0.8014917304315046
2026-03-18,0.787989074302415
2026-03-19,0.839793363652326
2026-03-20,0.5595791300385053
2026-03-23,0.5341729799053013
2026-03-24,0.48102958025523473
2026-03-25,0.5908160123181422
2026-03-26,0.6008691467532831
2026-03-27,0.6550227932186062
2026-03-30,0.6912353500564459
2026-03-31,0.6852099047784099
2026-04-01,0.4163712087093595
2026-04-02,0.4192152464920391
2026-04-06,0.3447307381312281
2026-04-07,0.3545720367320436
2026-04-08,0.7191675573594076
2026-04-09,0.70339890967055
2026-04-10,0.7318563361154413
2026-04-13,0.7325234286627489
2026-04-14,0.5444228776333909
2026-04-15,0.44771591726447946
2026-04-16,0.49096911845055585
2026-04-17,0.4481216957384715
2026-04-20,0.6749920351458163
2026-04-21,0.6783915301880796
2026-04-22,0.6713478816494627
2026-04-23,0.6737791614813929
2026-04-24,0.6137147484214484
2026-04-27,0.5054079017733105
2026-04-28,0.6167647702427788
2026-04-29,0.7760509861619254
2026-04-30,0.7016069552672868
2026-05-01,0.6904930550224994
2026-05-04,0.679797214557217
2026-05-05,0.5013933614299209
2026-05-06,0.46842051940748386
2026-05-07,0.31045712060312414
2026-05-08,0.28726973595365285
2026-05-11,0.30823695990735467
2026-05-12,0.29642895508792827
2026-05-13,0.2946763899411205
2026-05-14,0.3770685513531508
2026-05-15,0.24522509911360138
2026-05-18,0.19475547992399636
2026-05-19,0.26463560300120664
2026-05-20,0.196496591730986
2026-05-21,0.1985217972578045
2026-05-22,0.25803332912264626
2026-05-26,0.18713424527020212
2026-05-27,0.24210293206991582
2026-05-28,0.35015761093256154
2026-05-29,0.3471958015019737
2026-06-01,0.3616946208291214
2026-06-02,0.3747012507255843
2026-06-03,0.4489952767879029
2026-06-04,0.5324580306440377
2026-06-05,0.2699272178037298
2026-06-08,0.14331621650563606
2026-06-09,0.19468198649095783
2026-06-10,0.34373572216433546
2026-06-11,0.20601832390039249
2026-06-12,0.3861535661998763
2026-06-15,0.7043691247894093
2026-06-16,0.8032157967943151
2026-06-17,0.6693750498458698
2026-06-18,0.856035833177597
2026-06-22,0.8584182543535911
2026-06-23,0.7044088674525398
2026-06-24,0.8416684107065718
2026-06-25,0.8780759893635547
2026-06-26,0.6860496437155009
2026-06-29,0.7838678984350098
2026-06-30,0.8521280713716797
2026-07-01,0.8021148539634458
2026-07-02,0.8162972675462694
2026-07-06,0.8298547456553013
2026-07-07,0.8402154647272411
2026-07-08,0.6529352453162465
2026-07-09,0.690878550943103
2026-07-10,0.7104635255444204
2026-07-13,0.6525033563707486
2026-07-14,0.6196435854921439
2026-07-15,0.43283814389252345
2026-07-16,0.4214060501552921
2026-07-17,0.4454463904749935
2026-07-20,0.4341392431680718
2026-07-21,0.6694309056618665
2026-07-22,0.5620821709851122
2026-07-23,0.5093392288124585
2026-07-24,0.4092640515077194
2026-07-27,0.37813835818562574
2026-07-28,0.43105585785826894
2026-07-29,0.430642783524856
2026-07-30,0.46278562353028463
2026-07-31,0.4563864398325045
2026-08-03,0.46300026115175363
2026-08-04,0.4553469841142465
2026-08-05,0.6531169405097973
2026-08-06,0.8323736883281023
2026-08-07,0.8370871848238379
2026-08-10,0.9281013662693006
2026-08-11,0.8830106108028771
2026-08-12,0.6430486041550636
2026-08-13,0.5840790824396723
2026-08-14,0.6018015821912681
